,,,distance_min,distance_min,distance_min,angle_at_min,angle_at_min,angle_at_min,angle_increase_distance,angle_increase_distance,angle_increase_distance,relative_speed_mean,relative_speed_mean,relative_speed_mean,cyclist_speed_mean,cyclist_speed_mean,cyclist_speed_mean,pedestrian_speed_mean,pedestrian_speed_mean,pedestrian_speed_mean,cyclist_speed_max,cyclist_speed_max,cyclist_speed_max,distance_mean,distance_mean,distance_mean,angle_mean,angle_mean,angle_mean
,,,mean,std,median,mean,std,median,mean,std,median,mean,std,median,mean,std,median,mean,std,median,mean,std,median,mean,std,median,mean,std,median
model,speed_type,sfm,,,,,,,,,,,,,,,,,,,,,,,,,,,
Moussaid,Fixed,SFM,1.1462033,0.08432192349629956,1.142161,86.5386991,4.813707450878177,86.396591,12.2030592,1.0063762795685685,12.6331055,6.4755318697850175,0.23529569535511535,6.47346344131371,5.034275830736673,0.04947784723105093,5.026009603866198,1.4433301695190317,0.23087761090040462,1.4430164736386861,6.4393299,0.06429320661412305,6.4485410000000005,16.47422994682737,0.3582537134673663,16.49389527263787,70.54831403525569,3.1624012235079744,70.96276595597939
Moussaid,Fixed,Without SFM,1.09678275,0.09675872920222205,1.0660924999999999,89.42541274999999,4.651370699283055,89.871163,12.6304314,0.3155712261780464,12.686676,6.5316537063870355,0.20181759618655729,6.561647426958093,5.04540019310042,0.03948685310312608,5.0509841419944035,1.4892492465107734,0.2013481598472881,1.5053585003950696,6.449088000000001,0.05350291164826551,6.4593545,16.433789350060252,0.32342405764755283,16.455941983415777,70.33647438818514,3.176887163352578,70.72191516356665
Moussaid,Random,SFM,1.3076918499999999,0.11313265832188477,1.3155255000000001,88.32506635,3.7600228393321213,88.300925,11.0694928,1.289963998813129,11.042827500000001,5.676889343716587,0.596035777198219,5.5996100243052265,4.150124026359476,0.5058348329259728,4.180281906300389,1.5291459947530912,0.18494603066311946,1.5159215128687005,4.9649467000000005,0.7910510671346398,4.978241000000001,16.416695020322656,0.43445628229551536,16.42169747484664,77.85959941294894,3.8424710856409385,78.46209207111255
Moussaid,Random,Without SFM,1.23314185,0.1306516902846629,1.243677,88.39483895,3.538347483315337,88.6915195,11.3010702,1.1755855918919544,10.9906695,5.565931433352949,0.7119830899871042,5.477049893050731,4.004483413318102,0.6296711764535645,3.9455776823885333,1.5658123327111224,0.31061574543379544,1.6396097608364593,4.764215399999999,0.9315260691267738,4.6313745,16.585904019911315,0.7684978959143456,16.60312835067448,79.57454088090523,7.493967663462557,81.19218531859681
NES,Fixed,SFM,1.70734135,0.11687699393819541,1.7132429999999998,89.52421305,2.6124631680110917,89.1287105,13.071522100000001,0.45154605321831975,13.149669,6.466584052284138,0.2072157939725649,6.499564418314287,5.03950423634306,0.04377880085417412,5.047731126696832,1.4315985813726735,0.20192798006825172,1.447761818315508,6.459558149999999,0.05736672508406813,6.495789500000001,16.386056248854715,0.34942855906615683,16.369101291788496,69.1526127474386,3.423305730271103,69.35070400925926
NES,Fixed,Without SFM,1.5438104,0.15862734453508523,1.5579985,90.53427755,2.73943121712122,90.251615,12.89166505,0.4734421932324864,12.8475805,6.447102173873702,0.24017692395411044,6.414111525074205,5.033303125596893,0.040750499976187245,5.031754990867579,1.419103573637132,0.237142994902447,1.3598450425630548,6.43596225,0.059092020417645656,6.443018,16.37039214491204,0.37733738787875265,16.310186713138478,69.03769930097434,3.753302897939352,69.09695547548851
NES,Random,SFM,1.7833169999999998,0.13923532169751512,1.782984,90.4196582,2.046826490916086,90.7837305,11.0886298,1.2198357090962177,11.1694205,5.506378034768327,0.6740690430435898,5.538173625779087,4.051207178137243,0.6099612392593045,4.211320701987548,1.4604452753719432,0.16949397068037292,1.4175336411798236,4.8223521,0.8992995797856358,5.0156670000000005,16.385039802166027,0.45687970009539874,16.300478913155477,77.44135483637646,5.442746285996335,76.11189695765796
NES,Random,Without SFM,1.714047,0.1292482426426392,1.745313,91.5434531,2.4318176524341877,91.4452125,10.629854,0.7903011760314116,10.4179995,5.3112743776769635,0.37228806451786217,5.315945560007224,3.8285215092979796,0.36173782004624944,3.8782297429264654,1.4903247289300046,0.26856625375230536,1.5444668927480008,4.45895165,0.5112849609401865,4.514851999999999,16.481688467479962,0.6134701935384678,16.5843484978508,79.77953954507727,5.2599787351038,80.68289327525304
