simulation_id,distance_min,angle_at_min,relative_speed_mean,cyclist_speed_mean,pedestrian_speed_mean,cyclist_speed_max,distance_mean,angle_mean,heading_mean,cyclist_delta_v_mean,pedestrian_delta_v_mean,cyclist_delta_v_abs_mean,pedestrian_delta_v_abs_mean,cyclist_acc_mean,pedestrian_acc_mean,cyclist_acc_mean_positive,pedestrian_acc_mean_positive,cyclist_dec_mean,pedestrian_dec_mean,model,speed_type,sfm,angle_increase_distance
1,1.102567,82.016159,6.470507165122128,4.942425175438597,1.5303278333333334,6.5,16.464422280701754,71.74760040789474,1.8384498803314049,0.02643171806167401,0.006801537444933921,0.026450511013215855,0.007463704845814976,0.6607955979313168,0.17003104369383842,0.7044785899146897,0.3317689847182654,-0.013334730355003564,-0.029821733605191417,Moussaid,Fixed,SFM,12.425336
2,1.287404,84.996801,6.371591577345359,5.0813237477477475,1.2918920045045044,6.475175,16.27356072972973,68.17002399549548,0.5829425775526825,-0.00032202702702702825,-0.0012762702702702714,0.05416778378378378,0.013531450450450453,0.6602585949727561,0.14007557286901187,0.7623755582736603,0.24825609387108824,-0.11392805350742426,-0.035112140764077766,Moussaid,Fixed,SFM,11.196011
3,1.169471,87.152224,6.440516280849527,5.094214479452055,1.3479681461187214,6.5,16.251551178082195,67.17048622831051,1.956265299128499,0.0003264383561643828,0.0004280091324200923,0.05457094063926941,0.012507753424657535,0.6774686342579508,0.15301322940333878,0.9952350708162525,0.30264773873604367,-0.15957206589690875,-0.031145708078457537,Moussaid,Fixed,SFM,12.647945
4,1.306951,90.426366,6.485317222648114,5.007936465116279,1.4795630465116278,6.441576,16.8718581627907,71.70032812093025,0.5853233340283617,-0.00027173953488371903,0.0006412651162790703,0.055640734883720934,0.01365600930232558,0.6675720949166707,0.1716080383551412,0.7703530157358531,0.3121682532799793,-0.11492886483289134,-0.023824871540985684,Moussaid,Fixed,SFM,13.278196
5,1.211642,82.049411,6.380448943550326,5.119612104803494,1.2632321615720525,6.5,16.537561205240177,70.88289693886463,1.2698361247928567,0.00023001746724890683,-0.001031467248908298,0.05265000873362446,0.012165572052401744,0.6467359531893773,0.13519899693783108,0.9520008799342117,0.3427074477318539,-0.1419828969205328,-0.030374078009969906,Moussaid,Fixed,SFM,8.847931
6,1.211306,82.538744,6.980283753695466,5.036488391891893,1.947473243243243,6.412208,17.17108862162162,76.48910025675676,0.16709826950659584,-0.0004532747747747759,0.0033654144144144153,0.053716409909909904,0.015180459459459459,0.6561791003944522,0.22400211238223275,0.7140189789461865,0.39894454914592214,-0.1521548824494446,-0.026698121399512265,Moussaid,Fixed,SFM,13.280918
7,1.033242,81.173311,5.873480388571066,4.9927014911504415,0.8837964026548671,6.347683,15.73276184955752,64.19597338495575,0.07511546541809286,-0.00020327433628318723,-0.005326898230088496,0.05241510619469026,0.013274659292035397,0.6395670391979024,0.08635421647964554,0.716037628847988,0.16883782274544062,-0.1558737202084,-0.050678922426615675,Moussaid,Fixed,SFM,11.529458
8,1.149572,95.563221,6.78305657083807,5.052381907488987,1.7326842731277534,6.378641,17.071903039647577,75.86946221585902,0.5023845834970586,0.00013637885462555084,0.004152224669603524,0.05181737444933922,0.011726383259911892,0.6396519699632399,0.19075347572771179,0.7521147616274576,0.40587429626335597,-0.07378320324420888,-0.026134446194655655,Moussaid,Fixed,SFM,12.689086
9,1.209289,95.759624,6.312866769763413,4.989955553097345,1.3252361238938055,6.5,16.17514021238938,68.24205054867257,1.2472288388561814,0.0005369867256637187,-0.0018798362831858402,0.05263087168141594,0.014107862831858407,0.6556933277019271,0.14329527356053925,0.7084760448252689,0.37544736139718343,-0.20102294423214837,-0.05990070621830563,Moussaid,Fixed,SFM,12.807634
10,1.128435,82.355879,6.192205668576149,4.984725490990992,1.2099656666666667,6.416405,15.95427727927928,65.55991982882884,1.800223769755857,-0.0003765540540540554,-0.0004381936936936942,0.053715481981981984,0.012083842342342345,0.6591012427941965,0.13579248334951374,0.6948979077942301,0.21985566595181455,-0.21159730748242078,-0.033950806114448256,Moussaid,Fixed,SFM,11.365287
11,1.242659,88.559992,6.266421624248913,5.06430295045045,1.2032367207207204,6.422616,16.151185945945944,68.02512899549549,-0.3802321619833992,2.7977477477481327e-05,-0.0002149144144144152,0.05350130180180181,0.011376635135135135,0.6600741714523483,0.13058492824195062,0.7281301584457691,0.30075842135657116,-0.1177697800303284,-0.020929087684355727,Moussaid,Fixed,SFM,11.411023
12,1.066393,91.425156,6.476419717505291,5.0513807510917035,1.4269863187772924,6.400818,16.61272397379913,72.57566327947599,1.7356254520496925,-0.0001944148471615683,0.0011047379912663758,0.052172799126637553,0.011452371179039298,0.6340475718467282,0.15404491521848748,0.7709110486342874,0.2830213300829813,-0.10254109810047758,-0.025670128288654188,Moussaid,Fixed,SFM,12.802637
13,1.106407,86.494832,6.598309151689115,4.978682723214285,1.62130240625,6.387439,16.556332254464284,72.69429259821429,0.9973763626375258,4.171428571428778e-05,0.000950839285714287,0.05317465178571429,0.014000642857142852,0.6493495775766994,0.1809306952144583,0.7268745963042315,0.4315924207660795,-0.19749927028815462,-0.019940135615985892,Moussaid,Fixed,SFM,12.816422
14,1.059522,82.090693,6.665037373831239,5.10480271040724,1.5623577013574657,6.5,16.63393576470588,71.46805976923076,1.7404234675308523,0.0005093257918552052,-0.00031196832579185533,0.05395287330316742,0.014582864253393666,0.6712446274492054,0.17540998861381613,0.8358220037293284,0.67970781554293,-0.23365533388941254,-0.05478715148638186,Moussaid,Fixed,SFM,12.618266
15,1.094295,81.166691,6.762758948160868,5.025435324324324,1.7387863153153154,6.364651,16.8347682972973,73.97463222972972,0.6089194472075196,-0.0010510990990991041,0.0008506126126126131,0.054035702702702706,0.01564605405405406,0.643866729235206,0.196524314984014,0.8078426729098048,0.40513407122862366,-0.10484493793253204,-0.028690028298444914,Moussaid,Fixed,SFM,12.770494
16,1.006472,86.29835,6.468888212906916,5.022754474885845,1.447720378995434,6.28388,16.32423397716895,69.79927561643835,0.6019724093318851,-0.0005803059360730652,-0.001357347031963471,0.053915255707762545,0.014757383561643836,0.6400378444172082,0.1656041026891371,0.8439395528165183,0.3460812933838223,-0.12962788244197945,-0.023184367209119164,Moussaid,Fixed,SFM,11.864729
17,1.044949,88.022707,6.346678142602828,4.994166888392857,1.3544393705357136,6.5,16.210459258928573,68.74353330357143,0.8890266782850498,0.001609066964285713,-0.0005117544642857147,0.05255196875,0.012639504464285713,0.6625497169617605,0.14838470692464747,0.7470404371851016,0.47164095492890745,-0.20237950932133064,-0.04499840023501893,Moussaid,Fixed,SFM,12.351202
18,1.137518,86.51655,6.58752153544694,5.005060753363229,1.584624578475336,6.5,16.523368264573993,71.04263497309417,0.48007262238057735,-3.982862868610427e-18,0.0011009192825112116,0.053821273542600884,0.01340101793721973,0.6641208169022079,0.1765128180089104,0.761554274367765,0.6316594621982714,-0.642416627085788,-0.020859748327497176,Moussaid,Fixed,SFM,12.773176
19,1.146804,93.974137,6.547044679440708,5.11058134801762,1.4383125682819384,6.455506,16.702231035242292,72.53757900881058,1.724804936982476,-0.00029291189427312807,-0.0006481145374449338,0.053125907488986775,0.013872942731277533,0.6457046423780444,0.15699699116882682,0.7458047133361022,0.30504747104439983,-0.13327174242961776,-0.02578797182380137,Moussaid,Fixed,SFM,12.689419
20,1.209168,82.193134,6.501283668907898,5.026583883408072,1.4766981300448434,6.5,16.431235605381165,70.0776390044843,0.624168967955094,0.0002981659192825116,0.00021744394618834095,0.05351349327354261,0.013296887892376682,0.6700877771182893,0.16673814139104653,0.769230412521373,0.23843044811033906,-0.5703561442891966,-0.0212784900534868,Moussaid,Fixed,SFM,11.896014
1,1.11017,92.831882,6.4440131854872895,5.096219757709251,1.3498839030837002,6.5,16.545915726872245,71.50416759471365,1.3616285635761618,0.026548672566371685,0.005913553097345132,0.02670120353982301,0.006476544247787612,0.6637121711202014,0.1478315959858662,0.8001593846957094,0.3723436375383195,-0.05387670620347751,-0.027901074312215467,Moussaid,Fixed,Without SFM,12.853006
2,1.327765,88.843952,6.680261186850982,5.014222282407407,1.6686891342592594,6.356511,16.46184124537037,70.7147072962963,0.5619023432042308,-0.000734212962962962,0.0017225092592592596,0.05533400925925927,0.014520111111111112,0.6679676580362112,0.1959332777136965,0.7758731717009161,0.29235754615270304,-0.125395539494097,-0.03481918038061414,Moussaid,Fixed,Without SFM,12.863778
3,0.966799,81.99999,6.275815162056122,5.000155497695852,1.277917866359447,6.414341,15.933644990783414,65.70772447004609,0.7059810116429122,0.000336087557603687,-0.0019974147465437785,0.05417909216589861,0.013928751152073733,0.673656924224471,0.14463751243739043,0.697509855314972,0.29690585494275934,-0.422134192515974,-0.014793908937076331,Moussaid,Fixed,Without SFM,11.869525
4,1.153635,92.351273,6.810277819572275,5.018504662162163,1.7951448828828833,6.399894,16.851392797297297,73.81894302252252,0.9873698358879364,-6.507657657657502e-05,0.002519364864864865,0.05321886036036037,0.014155121621621622,0.6571610223623762,0.20501569877355713,0.6735226766527636,0.4536478549608874,-0.8058596112538401,-0.015171921565616643,Moussaid,Fixed,Without SFM,13.101026
5,1.256037,95.529397,6.846689057929386,5.039008481981982,1.8114437027027026,6.5,16.913446027027025,74.67565642792792,0.8067064801227614,0.0004380315315315344,8.189189189189277e-05,0.05361602252252251,0.016655504504504506,0.6676604332389586,0.20623863081928914,0.7462822639543951,0.5464584319184244,-0.29701981263076216,-0.047427905084562814,Moussaid,Fixed,Without SFM,12.201984
6,1.053809,89.835821,6.289444762944333,5.048771187214612,1.2445811552511414,6.5,16.02027010502283,65.81771893150685,0.3461604891504562,1.3073059360726812e-05,-0.0028092374429223737,0.054915502283105024,0.014310369863013699,0.6767574403000899,0.13871770198758315,0.933960687876968,0.26236051181813846,-0.1659839478824739,-0.029840126564754182,Moussaid,Fixed,Without SFM,12.573801
7,0.962064,89.283985,6.534563575977819,5.056430561946902,1.4809899115044247,6.414859,16.601202880530973,72.26958004424779,0.2404721882688127,-0.0007871283185840699,0.001079685840707964,0.0531605796460177,0.012187499999999999,0.6368607273417506,0.16239451025309196,0.8454419091684019,0.3674627912681959,-0.0804361945046939,-0.017334342047938156,Moussaid,Fixed,Without SFM,12.631665
8,1.170727,90.364424,6.639193644762993,5.099984937499999,1.5428397232142856,6.5,16.71114564732143,72.48093421428571,1.0294463130715472,0.0007941562499999952,0.0003410714285714287,0.05277727232142857,0.013865696428571427,0.662357740744565,0.1720092362566609,0.6849379775621661,0.3683410534078066,-1.6332831593318384,-0.03678720136914968,Moussaid,Fixed,Without SFM,12.885725
9,1.050243,94.497592,6.5974590270982025,4.99679503196347,1.6032655662100457,6.424813,16.38567083105023,70.52152465296805,1.1829528673952905,-0.0003433196347031989,0.0002982694063926939,0.05450273515981734,0.014524305936073059,0.6686194722727374,0.18329873955042428,0.7059933443895049,0.39785479290311637,-0.22886723675831053,-0.4387649145749383,Moussaid,Fixed,Without SFM,12.510552
10,1.026025,89.906505,6.83321725795441,5.0104889861751145,1.8266034884792628,6.40342,16.642215138248847,72.53392813364056,0.6724353737555339,-0.00015519354838710068,0.0011573179723502302,0.054663082949308744,0.016505760368663594,0.6707692658227363,0.21376245702636412,0.7660886136987953,0.49396095234903725,-0.09992051131885706,-0.04365026294673159,Moussaid,Fixed,Without SFM,12.628382
11,1.050788,94.730487,6.692584106507759,5.137589650655022,1.5578734410480348,6.5,17.018874344978165,75.07538759825327,0.3859168056204999,0.00030346288209606996,-0.0014872707423580773,0.052446056768558964,0.015409218340611352,0.6429349712839907,0.16497920685721223,0.9679223628021524,0.29969006090912426,-0.07681184026738562,-0.021651455527207434,Moussaid,Fixed,Without SFM,12.819008
12,1.135439,84.593339,6.525478490493692,5.053197096774194,1.4751835576036865,6.372545,16.256052041474653,68.75632307373273,0.46514709640652585,-0.0004059170506912496,-0.0002941751152073733,0.05488857142857142,0.014762506912442398,0.669415416737198,0.16749396699139202,0.8075643179465944,0.3270479623399188,-0.07639771976529672,-0.039183305995380995,Moussaid,Fixed,Without SFM,12.889519
13,1.057623,81.118138,6.647177916852851,5.054585073059361,1.5952583926940638,6.456758,16.517063662100455,70.5440305525114,1.9017732133024334,0.0003845342465753449,0.0006614566210045655,0.05401508219178082,0.01477283561643836,0.6723406902822531,0.1824201250627389,0.6862628571311407,0.3674336787486844,-1.6764288256441096,-0.0365851693231568,Moussaid,Fixed,Without SFM,12.540449
14,1.074562,88.031094,6.243860538998794,4.979179709677418,1.2685041428571426,6.5,15.895729479262673,64.90030210599078,0.7477036801056209,0.00019927188940092064,-0.0015779723502304145,0.05520675576036865,0.01343853456221198,0.683285069434463,0.14444674045852143,0.7994013869213467,0.30357378944279967,-0.2238445193260783,-0.027795966714587176,Moussaid,Fixed,Without SFM,12.350255
15,1.006742,90.332022,6.387642216618092,5.072134434389141,1.31880007239819,6.5,16.206622733031672,68.50207475565611,-0.30835195280986566,2.0094534382355776e-18,0.0001820452488687795,0.054358416289592745,0.011695420814479638,0.6747345254548409,0.14763414049108492,0.7583803666354552,0.5048200847097353,-0.14899749547146443,-0.18616045760302952,Moussaid,Fixed,Without SFM,12.767811
16,1.056212,94.633445,6.499159311911088,5.031735704035874,1.4695494349775784,6.41618,16.3925470941704,71.0746893632287,0.28528885952538424,-0.00037587443946188843,0.0007158340807174886,0.054363300448430484,0.012922955156950671,0.6559147185223116,0.16343813536594856,0.7450170806272374,0.506946484258526,-0.21122340281132193,-0.03422352462571572,Moussaid,Fixed,Without SFM,12.28772
17,1.079116,86.528368,6.588731277938367,5.06182515625,1.5297270892857147,6.461951,16.6004640625,73.02202452232142,0.43259665668678304,0.00020433482142857246,0.00032210714285714335,0.05308209375,0.013876607142857144,0.6579232128889207,0.17048953206812703,0.7004595364126452,0.3369107396676993,-0.18230815687752056,-0.034039393424522946,Moussaid,Fixed,Without SFM,12.901921
18,1.025709,83.498799,6.344878060154661,5.006074317180617,1.3424186475770923,6.360488,16.320900255506608,70.729123030837,1.722392694429653,-0.00044697356828194356,-0.0009280881057268727,0.053512488986784144,0.012810740088105729,0.6375485806124725,0.14482572945356972,0.822783718953475,0.35490067932095204,-0.13595099463848004,-0.017874977649577236,Moussaid,Fixed,Without SFM,12.741687
19,1.117112,96.001814,6.606491275321553,5.063787821917808,1.5449703698630133,6.5,16.450042721461188,69.92988001826484,0.5446859038025306,0.0002614977168949776,0.0010200958904109593,0.054565278538812795,0.013378086757990869,0.6684258220752121,0.17612041421900415,0.943970949201494,0.5474531631691657,-0.08056795409926303,-0.021698898313282512,Moussaid,Fixed,Without SFM,12.987338
20,1.255078,83.595928,6.146136252310048,5.067313511312217,1.081340447963801,6.5,15.950745217194573,64.15076795475112,1.2228063822622175,0.0003721447963800874,-0.002240158371040723,0.05454168325791855,0.012442104072398192,0.6757754902696517,0.11933895023919994,0.7547231126208174,0.25854305711359865,-0.13072012706618066,-0.04756013743471238,Moussaid,Fixed,Without SFM,12.203476
1,1.351168,91.419828,5.561092622845048,4.180242544401545,1.384086583011583,4.975545,15.9293826988417,73.78469461003861,-0.3881341407977338,0.017347073643410853,0.005312205426356589,0.01825293410852713,0.005584391472868219,0.4336667159727847,0.13280732605667483,0.6308101826346565,0.25465321047189526,-0.053117100336891446,-0.020901260059510336,Moussaid,Random,SFM,11.667964
2,1.496693,89.787581,5.406804615726422,3.8164136167247387,1.5928100801393728,4.419557,16.64679417421603,81.50732772473867,0.19529251809918718,-0.0021383170731707336,0.0006971916376306628,0.029537641114982575,0.010713198606271774,0.33109755235062716,0.13519089050687885,0.5256273145696855,0.4134711262795837,-0.07260689555335985,-0.03879738047644666,Moussaid,Random,SFM,11.387745
3,1.529924,91.193757,5.144509928207908,3.5631093820598,1.5842255249169435,4.109851,16.444066777408636,82.47824042857144,0.39779935977751707,-0.0008371993355481758,4.704651162790654e-05,0.026151186046511624,0.010976435215946843,0.2957471439068762,0.1299715513356259,0.41772762057700635,0.246876156174373,-0.1296251494914109,-0.042795587004932086,Moussaid,Random,SFM,10.417524
4,1.283674,83.601623,4.99293729084808,3.2828829382716056,1.7131771697530866,3.716509,17.141428706790123,87.67336997222222,1.519664710888309,-0.0012988518518518512,0.00036862654320987676,0.023472734567901235,0.01035212037037037,0.24300309805577366,0.13015843156906426,0.4100806527036489,0.5496413287282041,-0.11908235668847783,-0.030495930271982892,Moussaid,Random,SFM,10.016625
5,1.316753,83.538801,5.852216111452895,4.486041080321286,1.367297096385542,5.414451,16.158773136546184,74.02738023293172,0.27585342344731073,0.006929429718875502,-0.0014082891566265063,0.03348556626506024,0.012509710843373493,0.4924323376119839,0.13537901176619063,0.5933542868686025,0.3926598711071074,-0.08820713196554758,-0.025596809928605455,Moussaid,Random,SFM,9.780165
6,1.346363,88.445772,5.940043876775934,4.2616128725868725,1.680765223938224,5.119779,16.720619386100385,78.31792631660231,-0.06564681246765194,-0.0018350154440154472,0.001318984555984556,0.03811333204633204,0.011928397683397684,0.42320996869343064,0.16219378416590244,0.7577609752790017,0.4612260223115003,-0.09013298019134157,-0.026843332606084295,Moussaid,Random,SFM,10.295683
7,1.45713,91.335988,4.928317478631145,3.5067255728155335,1.4256455307443365,3.996091,16.16092503883495,81.4486403398058,1.504917480115097,-0.003052074433656961,-0.0010218446601941743,0.026465446601941743,0.010307391585760517,0.27883089176993153,0.11006816375112416,0.49688716160600005,0.2598913214836724,-0.09292864903006902,-0.021309652478729124,Moussaid,Random,SFM,8.283498
8,1.198412,84.626348,5.638127425765405,4.292182449438202,1.3481254981273407,5.111523,16.399328172284644,78.61449438202247,0.6116039100186951,0.004177647940074907,-0.0002645205992509367,0.03177044194756555,0.010774048689138581,0.4281547318026855,0.12112075579137199,0.5062305180541002,0.2898944865198278,-0.19514894439671493,-0.03008781398464657,Moussaid,Random,SFM,11.248673
9,1.250686,95.237497,6.156894015297917,4.493368823770492,1.66502725,5.491694,16.50513894672131,76.14948159426231,0.40002912492669856,0.0015580778688524546,0.0015130737704918032,0.04002737295081966,0.012700672131147544,0.5094262579059102,0.1713619819468493,0.571332725070273,0.2949251347742616,-0.12075514459802499,-0.02171367910965104,Moussaid,Random,SFM,12.136463
10,1.149347,90.0386,6.249680904295137,4.630228917355372,1.620907714876033,5.707292,16.609653871900825,75.92750381404959,0.14263443015044294,0.0008909008264462753,-0.00017461157024793465,0.042478801652892556,0.013986148760330575,0.5352000567692624,0.16807834156331075,0.7539697541382125,0.3453175966317602,-0.09837196952279247,-0.019111560933134254,Moussaid,Random,SFM,11.80634
11,1.337672,87.352854,5.949808369557792,4.262592593625498,1.6900918525896413,5.044965,16.338277824701198,76.92405907968127,1.2772812842733292,-0.0027869243027888423,0.00027388844621513935,0.03999635856573705,0.013689227091633466,0.44331456119402624,0.16800727576416147,0.6522300708250103,0.2562272458653036,-0.0960917161048465,-0.022230173326518655,Moussaid,Random,SFM,12.588196
12,1.253073,90.456648,6.296842727027454,4.898783193415638,1.4001568806584361,6.01629,16.896194127572016,76.18562389711933,0.18570480447338766,0.004150271604938268,-0.0012716543209876532,0.04168795061728394,0.013377843621399179,0.5611083376194776,0.14114249883252206,0.6630091253092567,0.2484558285842991,-0.15171527754793881,-0.04265233472712762,Moussaid,Random,SFM,12.861837
13,1.258535,92.95288,5.181621130215897,3.721093003424658,1.4624611095890414,4.33055,16.281815657534246,79.34695807876713,0.3741390622082203,-0.005850280821917806,0.00019281849315068528,0.03412004794520548,0.010128421232876713,0.32040626905337105,0.12289125720898485,0.4627175256902497,0.37677946758302533,-0.14157908331384342,-0.018118178315949116,Moussaid,Random,SFM,9.853927
14,1.095024,81.440759,6.33078163674479,4.592128024291497,1.741232927125506,5.625777,16.97342791497976,79.73704927530365,1.501813393187198,0.005335097165991906,0.0012068744939271255,0.03699465182186235,0.013292412955465587,0.5140549404258753,0.17529528740575143,0.6842850483734401,0.268063120703266,-0.17747018829218364,-0.018357564602810312,Moussaid,Random,SFM,12.839042
15,1.326217,88.156078,4.733146922914469,3.57177197972973,1.164484239864865,4.171981,15.326552354729731,74.76005713513514,0.3968938155858414,-0.00595963513513514,-0.0020467533783783782,0.03263921621621622,0.01073700337837838,0.2790464368909743,0.0949518246445982,0.4839097400996208,0.2870809045138721,-0.17714111714938718,-0.0778331002067809,Moussaid,Random,SFM,9.989939
16,1.314298,93.314699,5.410844424592498,3.896105174377224,1.51679443772242,4.575261,16.31046134519573,78.60625782562278,1.6996768811912757,0.002381281138790039,0.0013548327402135235,0.027173629893238436,0.010055743772241995,0.35597578243811384,0.13476072424785943,0.589841120343014,0.2585896348116704,-0.06411597144509237,-0.03255338062000608,Moussaid,Random,SFM,10.597002
17,1.431091,85.622585,5.392337101385257,3.896501028673835,1.4974465340501792,4.572597,16.264477247311827,79.12689139426524,0.5612239159219397,-0.0002906917562724036,-6.685663082437247e-05,0.030564211469534048,0.011752784946236558,0.3517395718934259,0.1341372012144563,0.567624789223114,0.27915481378121226,-0.09303587796541705,-0.03114321189928675,Moussaid,Random,SFM,11.984087
18,1.338292,84.006685,5.444579700492548,4.180321268199234,1.267407988505747,4.980937,15.766236823754793,72.23657334099617,1.0133341794175013,0.0020158314176245214,-0.0009982643678160931,0.033012758620689656,0.01071067049808429,0.4240548613612546,0.11752404972719463,0.6348641389700034,0.18859856421075372,-0.07653672764496065,-0.020628200175690295,Moussaid,Random,SFM,9.776992
19,1.255385,86.207513,5.680623197248547,4.168007325842696,1.515048588014981,4.858047,16.513950419475655,79.08734643820225,0.8055335277138949,-0.0010201498127340827,0.0010219325842696634,0.03483317602996255,0.011040629213483148,0.38877902934160663,0.14083908791427793,0.6099934649811154,0.3626967705499208,-0.11166407638638748,-0.056495852296361976,Moussaid,Random,SFM,10.836982
20,1.1641,87.764831,7.246577394306599,5.302368737864078,1.9457276650485436,7.060237,16.9463957815534,71.25211237864077,0.6238774797200904,0.011440402912621358,0.002506320388349515,0.052268053398058255,0.017300135922330095,0.7937695737077091,0.24607897231207662,0.8243666338549634,0.3148318722807616,-0.08873799222494529,-0.02388423178427667,Moussaid,Random,SFM,13.021172
1,1.089969,84.490099,6.314705184598098,4.550810554621849,1.7676152983193278,5.506273,16.572857109243696,76.46871787394959,-0.5645750220320462,0.020854599156118144,0.007615063291139241,0.021870050632911395,0.008112599156118143,0.5213514505397361,0.1903835012928598,0.7717617013631967,0.34772302850267334,-0.07338110355236083,-0.028901882606871716,Moussaid,Random,Without SFM,12.759786
2,1.126894,85.68495,6.125989022103392,4.25407183011583,1.8756834054054055,5.058854,17.108614849420853,81.68386155984557,1.2400132117393334,-0.001500054054054055,0.00039599613899613884,0.03724366795366795,0.015181841698841703,0.4342223543654404,0.18215955681707882,0.5357489913219935,0.31720838234319626,-0.07757600821194097,-0.04934556934764804,Moussaid,Random,Without SFM,11.982748
3,1.16328,91.866538,6.252514229337898,4.290988483146068,1.9648655767790262,5.13682,17.843828647940075,86.08634568164794,1.344758706474095,0.00031008988764045207,0.0003649700374531837,0.03561640449438203,0.014772625468164791,0.43289868266979403,0.18719214281649818,0.6310743686655047,0.4393322814723353,-0.09600403941357481,-0.012926434221751246,Moussaid,Random,Without SFM,12.614933
4,1.226064,95.140761,6.477842698451022,4.879564394736842,1.6013147149122806,6.065486,16.633399592105263,73.46610948245613,1.6408664674101865,0.003038868421052633,-0.0017136096491228053,0.04578118421052631,0.016365179824561402,0.5799096263231893,0.17506698633525888,1.0306269516590567,0.449048756903886,-0.10169475988655174,-0.03692523015244759,Moussaid,Random,Without SFM,13.110292
5,1.463701,86.170534,4.655454625977973,3.009070929971989,1.652999610644258,3.384675,17.294634036414564,90.41564378711485,0.9325244880451578,-0.006910100840336134,5.657422969187743e-05,0.024803344537815127,0.00938907843137255,0.19645845513920246,0.11323128656655256,0.356463243898091,0.3730279653596903,-0.10672635327996816,-0.021607384767321845,Moussaid,Random,Without SFM,9.661493
6,1.075839,92.433232,5.433151976717934,4.5290560672268905,0.9062610168067226,5.467519,15.302701642857143,63.56793103361343,1.1776021070692164,0.008567823529411765,-0.0031741974789915974,0.03572230252100841,0.010897987394957983,0.5113946855027367,0.09051040031399576,0.7444348872855692,0.16183778787633854,-0.16755066499823992,-0.037881331676554816,Moussaid,Random,Without SFM,10.788459
7,1.321557,89.771188,4.8683966257884075,3.8371533772241997,1.0344739395017795,4.573717,15.205229797153025,71.23055848398576,0.6708786695046496,-0.002947334519572955,0.0004206476868327405,0.03311552669039146,0.0071027046263345195,0.35861046942600017,0.0880321960438127,0.49059712748475365,0.18354498051478652,-0.0945352296000133,-0.026052770858736796,Moussaid,Random,Without SFM,10.022222
8,1.317183,86.711919,4.83735030710472,3.137581171511628,1.705299363372093,3.568713,17.406862773255813,90.3481767994186,1.0850303264345291,-0.0029215232558139534,0.002043447674418604,0.023374377906976735,0.008391616279069767,0.2198781311611561,0.12277573635025626,0.3517783972532851,0.25350258261308745,-0.13232819563315684,-0.03253214590158412,Moussaid,Random,Without SFM,10.698118
9,1.156512,91.118375,5.489415784062112,3.85101506405694,1.6418081387900354,4.400722,16.551040914590747,81.80784623487544,0.8558030343449833,0.002922263345195727,-0.0003255871886120991,0.026139088967971534,0.012201195729537366,0.34293379167995386,0.14136460335514922,0.6501646121984656,0.33638956932484665,-0.07515064017226378,-0.020935295299832037,Moussaid,Random,Without SFM,10.68867
10,1.26129,88.593996,5.46468400203935,3.8702070815602836,1.5991144503546098,4.547838,16.48219395390071,81.89725275177305,0.7210513590334139,0.000488343971631204,-1.932269503546152e-05,0.028991492907801408,0.01179762765957447,0.3532811490929209,0.14055075267258482,0.47886117043740006,0.2883093504480879,-0.08245365270600241,-0.044791290734660656,Moussaid,Random,Without SFM,10.683163
11,1.132523,93.18076,5.839283664728258,4.5243697950819675,1.3197005368852457,5.474061,15.948182774590165,72.82837507377049,-0.7826578726127038,0.0038790122950819665,-0.0012332295081967201,0.03868981557377048,0.012003442622950822,0.5040211194305135,0.1311644363397423,0.6869678725432604,0.40056910590857187,-0.1458675482900202,-0.03663235728720768,Moussaid,Random,Without SFM,12.394157
12,1.41294,87.604749,4.062035692853666,2.9090278646408843,1.1602983232044197,3.218581,15.50245949447514,80.70050907734807,0.8929596359822162,-0.006870732044198895,-0.000499209944751381,0.023557682320441985,0.007140911602209945,0.16768659888196835,0.07638506781127143,0.43902655049863254,0.22769345414250547,-0.11219710523100193,-0.02828401646035841,Moussaid,Random,Without SFM,9.222568
13,1.299138,89.206654,5.198317085385098,4.020948283216783,1.1826345104895106,4.689032,16.031772975524476,77.98152340909091,1.5515770213864934,0.0059516643356643355,9.048601398601355e-05,0.024118090909090905,0.008295318181818181,0.36349446668942703,0.0990859843873644,0.4516892271281762,0.32947858544784553,-0.07537486347510242,-0.03914189859446937,Moussaid,Random,Without SFM,10.373512
14,1.353219,91.345593,4.98328596621793,3.2601235868263476,1.7276787904191617,3.697498,17.391325080838325,90.05928025449103,0.3807355903835741,-0.003159233532934132,0.0017003532934131735,0.023653089820359286,0.008714329341317365,0.23435987656697524,0.1283300438588891,0.33819317001774135,0.3952985842007612,-0.10262920057913837,-0.00585480767183746,Moussaid,Random,Without SFM,10.270078
15,1.299191,86.905628,5.72765821596111,3.795810893617021,1.9356785425531915,4.453416,17.278120819148935,84.47100559929079,1.4133389937902925,0.0023392553191489353,0.0008794645390070924,0.026073021276595745,0.013301847517730498,0.3329161524385517,0.17219427414583427,0.5109833092841014,0.3355062414452307,-0.11400679330931421,-0.017248730918242406,Moussaid,Random,Without SFM,11.833609
16,1.015315,83.313066,6.399465742237449,4.828906711009174,1.5735081284403671,6.168345,15.977087077981649,68.05447548623854,1.8068711707557104,0.008600123853211012,-0.001861747706422017,0.04351982110091743,0.016315518348623853,0.6443160501339628,0.17563186197405273,0.6928433851154706,1.0365623710876346,-0.13099958495562822,-0.029773626783422158,Moussaid,Random,Without SFM,13.007748
17,1.309919,88.789043,5.066217337322029,3.72775500340136,1.3443838945578233,4.318789,16.03417194557823,78.46855399659864,1.4409631568976309,-0.006291006802721095,-0.000811091836734694,0.03359029931972789,0.010243506802721089,0.3186722621887387,0.11048679456957373,0.5252584972585481,0.27511054994626843,-0.11057879821489193,-0.021172929026942986,Moussaid,Random,Without SFM,10.571141
18,1.417669,89.755791,5.244877353235076,3.5533415625,1.6975225526315787,4.073219,16.93711585526316,84.45484700986842,0.7139008866633614,-0.0008077960526315784,0.0012674802631578946,0.02518919078947368,0.010462039473684211,0.29015813543524815,0.13887183901481256,0.42114708605312146,0.2932440300738256,-0.059257143458283666,-0.03227470562628047,Moussaid,Random,Without SFM,11.53047
19,1.060268,82.162425,6.72609051175146,5.0920689414414415,1.6374113828828833,6.543185,16.74595879279279,73.2241155,0.1072116491332351,0.011125972972972974,-0.00020981081081081134,0.043374081081081095,0.015311216216216216,0.6752631094737919,0.18416555679879476,0.7133819305052412,0.5110847839409575,-0.14761766265881335,-0.03939225668561826,Moussaid,Random,Without SFM,12.615357
20,1.160366,83.651478,6.151892641185995,4.167796670454545,1.987994477272727,4.937565,17.470522265151512,84.27568852272726,0.5036040416477158,-0.006866981060606061,0.0013577310606060606,0.04132784469696971,0.01445749621212121,0.39815390569203724,0.19025063434205178,0.7581241003444168,0.3282449746953851,-0.1344684992025736,-0.02367209048511525,Moussaid,Random,Without SFM,11.19288
1,1.65792,87.55991,6.179938637707745,5.066651432314411,1.1157384890829696,6.5,16.225502580786028,67.56696244978166,0.7686713543780884,0.02552655701754386,0.004641324561403508,0.028097688596491224,0.0054836315789473684,0.6381667696192944,0.11603388211170859,0.9096852118369457,0.1923736749138591,-0.21544388574728615,-0.030773411738580884,NES,Fixed,SFM,11.937444
2,1.541202,86.867456,6.326219488868636,5.0759030456621,1.2541134109589043,6.5,16.096757,66.04173035159818,1.525794609643893,0.0008108401826484055,0.0008143789954337896,0.05467293150684932,0.011139173515981737,0.6805291437761978,0.14040924339398245,0.9433747030753723,0.2536580546672584,-0.09491482360492107,-0.02320311469169614,NES,Fixed,SFM,13.264074
3,1.604817,86.819913,6.619722383710808,5.013086434977579,1.6102588340807173,6.417847,16.601506161434976,71.8396413587444,-0.36638513287874575,-0.0006301210762331859,0.001835242152466368,0.05448217488789238,0.01376186995515695,0.6496240718917909,0.1830694722528467,0.765875724333549,0.3244605496966674,-0.20174899759639292,-0.046547742929274015,NES,Fixed,SFM,12.811732
4,1.791957,88.800267,6.442230389316352,5.123977428571429,1.3233731050420163,6.354423,17.082661802521006,75.92103564285712,0.1221090307139256,-0.00041695378151259836,-0.001417920168067227,0.0496515168067227,0.012584584033613445,0.5970790648489833,0.1352663990444619,0.7144831922443854,0.2442770223398485,-0.13638240550128045,-0.018039860800657413,NES,Fixed,SFM,13.174015
5,1.600088,93.199084,6.310316542910814,5.038651166666666,1.2749683771929823,6.5,16.3267884122807,70.11888734210528,0.6976938669026369,0.001061942982456138,-0.00018461403508771888,0.052637399122807016,0.011511535087719299,0.6550162960659113,0.1381976780370626,0.7539113902606018,0.23393655057093135,-0.2846382092211072,-0.01005419982257472,NES,Fixed,SFM,12.97063
6,1.768119,87.189605,6.518684613879611,4.946263739336493,1.5791871658767773,6.470196,16.00563081042654,65.30426495260663,1.557381997512332,-0.00014125118483412715,0.0015944454976303318,0.057207744075829375,0.013755943127962083,0.6978614566440544,0.1878946609841767,0.7525601331429803,0.3647565593916571,-0.32632592767005614,-0.022762287157098975,NES,Fixed,SFM,13.655477
7,1.867777,86.532225,6.03988349836057,4.975622717592592,1.069194898148148,6.38388,15.718343814814816,61.11069943518519,-0.24502612426967602,-0.000691763888888892,-0.002616212962962964,0.05681048611111109,0.012647259259259257,0.6649702893002997,0.11775568770038236,0.8512424832920276,0.18300885740226175,-0.21317782532746452,-0.02426591694488453,NES,Fixed,SFM,12.453153
8,1.624003,86.732201,6.57647012427102,4.970989774774774,1.6099607477477478,6.5,16.452832166666667,70.10623873873874,-0.4099341689980547,0.0008073198198198207,0.002662792792792793,0.053896031531531524,0.012254594594594593,0.6683736712877647,0.18210470397925788,0.816117416314981,0.3868451164762188,-0.3798760454114155,-0.02539955735684634,NES,Fixed,SFM,13.280822
9,1.560732,87.185338,6.340459904786495,5.050917210045663,1.2931113972602741,6.5,16.10565033789954,66.11452578538811,1.6125337658100622,-6.083413833562501e-18,-0.0016110730593607303,0.055623260273972595,0.01352067123287671,0.6764438493205129,0.14335938960743996,0.8056635046262228,0.3468662974831333,-0.41291993731637683,-0.015710722589417945,NES,Fixed,SFM,13.125323
10,1.800191,89.214287,6.728631600796875,5.078693067873304,1.6557603981900455,6.473681,16.75947252036199,71.90017939366516,0.738516867100213,-0.00011909049773755849,0.0018089909502262442,0.05456578733031675,0.013410547511312218,0.6672266648473785,0.1877746542285247,0.7301478632388664,0.6469348178290778,-0.2109547782811319,-0.032503798493299874,NES,Fixed,SFM,13.731589
11,1.828686,89.811511,6.771840125272951,5.0525040180995475,1.7249760542986423,6.496723,16.84158614027149,71.9842988642534,0.3973866625968894,-0.0006119909502262448,0.00036510859728506744,0.05532256108597286,0.01587768778280543,0.6534870161199475,0.19672944857538957,0.9104543547032752,0.3868084070714617,-0.12434800589324578,-0.02246075943755578,NES,Fixed,SFM,13.087563
12,1.730589,94.352136,6.625612243384336,5.085615449074074,1.545677125,6.5,16.411414171296297,69.1476050185185,0.5359997017552897,0.0006841481481481498,-0.0008901481481481487,0.054972888888888884,0.015673490740740738,0.6854694780228139,0.17882629053057053,0.8211669036054106,0.45361122282745564,-0.08508215795624517,-0.02305908668237245,NES,Fixed,SFM,13.738877
13,1.71437,90.938544,6.668878334445777,5.028939860986547,1.6446409192825107,6.41455,16.728694349775786,72.31109976233184,1.0762663288213814,-0.0003213318385650268,0.00046036771300448444,0.05383105381165918,0.01469467264573991,0.6543196337506754,0.18458753121076069,0.6905360199023881,0.45920136455993804,-0.5404169954192033,-0.05417530397573343,NES,Fixed,SFM,13.263966
14,1.524258,87.597539,6.6717437307089575,5.047735135746606,1.6272328687782807,6.494856,16.68130803167421,71.80157128959276,0.7096309474646091,0.00036337556561085664,-0.00022256561085972842,0.05495430769230769,0.015419859728506784,0.6738890353413147,0.1807167648154715,0.7174151819946436,0.4157243275236627,-0.6466594924047547,-0.029706551531459773,NES,Fixed,SFM,13.220199
15,1.838914,90.897695,6.336567754988111,4.998602681614351,1.3452404753363232,6.5,16.138699538116594,67.6819458251121,-0.05726447209193014,2.3067264573987215e-05,-0.0012126053811659196,0.05528725560538116,0.013850246636771302,0.6660405590919304,0.14925076440013604,0.7412369283259739,0.2534380571775519,-0.4035883153072928,-0.04523184852207855,NES,Fixed,SFM,12.9311
16,1.712116,95.149853,6.480444222748963,5.047727117647058,1.4364359411764702,6.353367,16.41996898190045,69.553803,0.7099698128820232,-0.0006634977375565531,0.0004362669683257925,0.05485804977375567,0.012991190045248869,0.6596698200021484,0.1627753152521665,0.8458321947694446,0.3709979801861728,-0.09128530822597387,-0.04023047671030242,NES,Fixed,SFM,13.508132
17,1.759908,91.05764,6.335861329164574,5.040708981308411,1.2980464252336448,6.5,15.97712529439252,64.85954964485981,0.8020966880190358,0.0006852009345794372,-0.0007301775700934585,0.05596564953271027,0.013028457943925233,0.6917388278664183,0.14813171446655596,0.7692383503521445,0.3537590600149037,-0.5846409759931542,-0.0413588167428645,NES,Fixed,SFM,12.484028
18,1.633207,89.950457,6.15326687936263,5.00567549122807,1.150871092105263,6.347925,16.08491827631579,68.32581927631578,-0.47862620322676674,-0.0006669956140350875,-0.0007417631578947368,0.052845706140350876,0.011081061403508771,0.6325925580224342,0.12075427185277857,0.7183911829619795,0.24760416132623686,-0.22379358220073894,-0.019329212153886756,NES,Fixed,SFM,12.765966
19,1.645008,91.585466,6.520907756827779,5.065891040909091,1.4590876954545458,6.5,16.32245656363636,68.65498219999999,0.8388893900452866,0.0006912499999999918,0.0015627772727272722,0.054651368181818184,0.011733513636363633,0.6652156014555548,0.15558963723354327,0.8403692407294543,0.540693097704361,-0.5826659671928942,-0.05351972309994152,NES,Fixed,SFM,12.793634
20,1.942965,89.043134,6.684001484169753,5.075928932432434,1.614096207207207,6.483715,16.73980802252252,72.70741461711711,0.5785465493197167,-7.335585585585333e-05,0.0007780990990990999,0.054155788288288285,0.014476036036036036,0.6653328466949041,0.18201378088215603,0.7046035751719675,0.3848058513072862,-0.2970836931700452,-0.03493789614477882,NES,Fixed,SFM,13.232718
1,1.670587,88.668892,6.414902768672468,4.980517225225226,1.440183436936937,6.314381,16.26316552702703,69.65404388288287,-0.6873120931019726,0.02583428959276018,0.006416565610859728,0.027617294117647063,0.007007941176470587,0.6458499418458287,0.16040979985070455,0.8584810933367922,0.31163205766502244,-0.10262314387500253,-0.03025276102096242,NES,Fixed,Without SFM,13.228243
2,1.708474,87.107446,6.233644725507984,5.018656342592593,1.2195737592592593,6.5,15.884363847222222,63.47506057407408,0.9399014118374539,0.0013454722222222281,-0.0009593981481481482,0.055271046296296304,0.012822370370370371,0.6851268306725705,0.1378423415611737,0.9378226855532787,0.3171645705697015,-0.4877702319909215,-0.04345530481396796,NES,Fixed,Without SFM,12.542975
3,1.522169,95.669906,6.413320281475941,5.043125349775786,1.372957798206278,6.44541,16.33113446636771,69.38778041704037,0.7325083602253769,-0.0002447982062780196,0.0007253901345291476,0.05488822421524665,0.011675596412556052,0.657458116746473,0.15204460954120252,0.7218841313675156,0.34915779980715617,-0.5185810621893031,-0.02541054820078081,NES,Fixed,Without SFM,12.590237
4,1.642723,93.511734,6.198797215308192,4.988824202643173,1.213358872246696,6.372547,16.144402841409693,68.36455811453745,0.7449648919582578,-0.00032098237885462707,-0.000824365638766519,0.05281055066079295,0.011654894273127754,0.6390520810515473,0.1287904950098654,0.6927483228109681,0.2672564051589638,-0.35236972778699127,-0.022712791303657522,NES,Fixed,Without SFM,12.686162
5,1.312259,88.089772,6.485586367725299,5.143112793248945,1.3467322869198315,6.5,17.006389333333335,75.0602716371308,0.1863306514660984,0.0005377763713080152,0.0005132700421940931,0.051267827004219405,0.010793430379746834,0.6271434225461068,0.13671443616345377,0.7712129979557418,0.3251959170862881,-0.23039978332215832,-0.014984357385604573,NES,Fixed,Without SFM,12.70598
6,1.440141,91.72609,6.454963890659615,4.9710245429864255,1.4896120497737555,6.327828,16.324192633484163,68.80613053393665,1.9666448150418934,-0.001990805429864253,0.0007785203619909502,0.05574705882352941,0.013170963800904975,0.6197080270484411,0.16531455503736164,0.9643117608457297,0.401424495754832,-0.17497783625055882,-0.03575419516440973,NES,Fixed,Without SFM,12.584197
7,1.441182,93.449126,6.7626117276428355,5.071247544247788,1.6981270044247787,6.441535,17.011419601769912,74.90473928761061,-0.06860086038533394,0.0016880663716814215,0.001019030973451327,0.05160546460176991,0.014534659292035398,0.6500282441544829,0.18720414315335998,0.7344191099542094,0.4674997200037214,-0.18247671808499097,-0.020985093944749504,NES,Fixed,Without SFM,13.364862
8,1.738522,92.251398,6.391352918791781,5.082814896396397,1.3150885630630633,6.5,16.29618079279279,67.45540313963964,-0.18396833051639558,0.00025389189189189125,-0.0018057567567567566,0.054813423423423414,0.013851324324324323,0.6669794340664518,0.14495118280427788,0.9317909682674281,0.21159376772629723,-0.31628562887372796,-0.02505305436410575,NES,Fixed,Without SFM,12.890007
9,1.716861,92.191198,6.923734593222928,5.026688497716895,1.9059901324200912,6.397816,16.96113575799087,74.09081935616439,1.6929658994154866,-0.0005411735159817401,0.0027955844748858445,0.055105328767123284,0.016138908675799087,0.6624065400830631,0.2173748199424556,0.8206908201228414,0.45074064891268906,-0.11940824956017544,-0.05716336564272235,NES,Fixed,Without SFM,13.93995
10,1.591582,90.748468,6.1856206468107,5.046335762114537,1.1436536872246694,6.399328,16.1605847092511,67.02555584140968,1.779052562668178,8.786784140969367e-05,-0.0035609471365638757,0.053253436123348014,0.013780709251101322,0.6460289217272164,0.12133319727715504,0.7644235076615622,0.27620806383667684,-0.17434404758930405,-0.02055226649206863,NES,Fixed,Without SFM,12.289033
11,1.308708,86.275747,6.080296871158447,5.036821484018264,1.047853703196347,6.409549,15.834553726027398,62.82855029680365,1.7551740134636171,4.667123287671655e-05,-0.0003932146118721447,0.05507436073059361,0.009767835616438356,0.6711518561786022,0.11653055843813903,0.7582692334481566,0.23987735336992527,-0.2059642606878542,-0.07334225631477731,NES,Fixed,Without SFM,12.115975
12,1.491142,89.754762,6.640989300293031,5.0632839543379005,1.582549936073059,6.5,16.48963826484018,69.68262262557079,0.7141105641216703,0.00041301826484017987,0.0026194840182648398,0.05524797716894977,0.012172269406392692,0.6760534496701187,0.18112140053569006,1.0295254364980337,0.3239568584764756,-0.6162941605647123,-0.017638736005177163,NES,Fixed,Without SFM,12.824056
13,1.28639,89.143584,6.2926140042629495,5.047014936936937,1.2493554684684685,6.402815,16.139801189189185,66.67329295495495,1.63175100038071,-0.0004377702702702686,-0.0016597432432432432,0.05451195945945948,0.013202563063063062,0.6560801030818475,0.13634929613404095,0.7616995058451949,0.3767442253929461,-0.18354249030555161,-0.058457180554777693,NES,Fixed,Without SFM,12.741636
14,1.599521,91.194423,6.562543271749794,5.048293303571429,1.5209323258928573,6.5,16.541261986607143,71.08896829910715,-0.12798679075442965,0.0003845401785714242,0.001336638392857143,0.05397552232142857,0.012705665178571428,0.6617963671980797,0.16950779653456774,0.8503522175625221,0.4139376100240796,-0.24816629320760375,-0.03762018134845493,NES,Fixed,Without SFM,13.394133
15,1.469269,87.145217,6.145595107234682,4.988845004566211,1.1608028127853882,6.453389,15.864980945205478,63.18685344292237,1.4385345990651506,-0.00016238812785388234,-0.0017793013698630127,0.055396388127853885,0.012419566210045663,0.6770846306350463,0.12964305963899964,0.7411827739799275,0.33099534413470444,-0.20855369877357494,-0.010362820041029152,NES,Fixed,Without SFM,12.133992
16,1.581768,94.440331,6.342180916783567,5.016789157657658,1.3309241981981978,6.387104,16.176889162162162,67.80076134684685,1.492892460828844,-0.00029858108108107975,0.000827288288288289,0.05409851801801802,0.011352792792792794,0.6551596863264848,0.147705570922445,0.7354170553056646,0.26404115054934385,-0.2135673256983504,-0.016235976218277624,NES,Fixed,Without SFM,13.052347
17,1.534229,87.423653,6.831491145362923,5.010089727678571,1.8281598169642859,6.496591,16.931735276785712,74.09317440178572,1.3112937925445938,0.00030182589285714497,0.0024747098214285704,0.054636700892857146,0.014453308035714282,0.6574630645408867,0.2081424929141059,0.7808578570100019,0.4514209748453629,-0.25220274514660657,-0.031011357840135888,NES,Fixed,Without SFM,13.302759
18,1.762342,93.557606,6.6736081301550305,5.000810899082568,1.6787631605504587,6.444501,16.403737077981653,70.82068803669725,0.6755410531543575,-4.684403669725025e-05,-0.0008316559633027515,0.05493284403669725,0.016520766055045873,0.6698521547870757,0.18454334663811967,0.7037933946997414,0.35470474843689875,-0.25269187762331324,-0.02669507157777445,NES,Fixed,Without SFM,13.523833
19,1.749311,89.374701,6.258564308016736,5.016889315068493,1.2469720502283104,6.426451,16.011912484018264,65.16247211415524,0.14360192336492253,-8.242009132419944e-05,-0.002139511415525113,0.05449922374429224,0.013446086757990867,0.668484466319145,0.1380680060732486,0.71619990866942,0.39688472288399684,-0.25714828793465666,-0.020003195969730894,NES,Fixed,Without SFM,13.051819
20,1.309028,88.961497,6.649625286639127,5.0648775720720725,1.59048040990991,6.5,16.630363274774776,71.19223971621622,0.7303102494257924,0.0003313018018017992,0.0015774864864864866,0.05481800450450451,0.013066873873873876,0.6684773202889549,0.17640616434964743,0.894979439796734,0.534754931495734,-0.27291288829961924,-0.03607820263546492,NES,Fixed,Without SFM,12.871105
1,1.766341,87.467439,5.460511501915001,4.157609716475096,1.3076770574712644,4.913813,15.836457318007659,72.26763514176244,1.3737741609794427,0.016944257692307688,0.005005207692307692,0.018079757692307696,0.005551246153846152,0.4235945194596812,0.12511894197174736,0.6186146971746271,0.2766573060202751,-0.0753169228696791,-0.023661080451464127,NES,Random,SFM,11.239696
2,1.962946,91.688849,5.306979019249781,3.896401433212997,1.4154987870036102,4.519651,16.054583978339352,76.48755496389892,0.4290059021028436,-0.0015497472924187754,0.0003840288808664265,0.031919913357400714,0.010522859205776171,0.35442940138538553,0.12574686367187443,0.5231639779144939,0.27366982865808703,-0.0930535383608198,-0.03714626731274423,NES,Random,SFM,11.698354
3,1.941058,91.227528,5.162523929910177,3.8138365087719297,1.354079235087719,4.346428,15.978486466666666,77.55462110175439,0.5984034616588724,-0.000523733333333332,-0.0002629894736842098,0.029529796491228073,0.010071326315789473,0.3319993832337459,0.11560427824885708,0.6623940617206058,0.24959557414965572,-0.13405614471995264,-0.025267861772500406,NES,Random,SFM,10.995318
4,1.766942,87.492166,5.039447015029997,3.3170497107142856,1.730058025,3.808922,17.46681984642857,87.469643475,1.4396082818569298,-0.0018501464285714292,0.0014717499999999995,0.02696220357142858,0.01171002142857143,0.2329733077651277,0.13173276543048368,0.39500209896243627,0.29726427939735117,-0.08606521086572715,-0.03461339058698433,NES,Random,SFM,11.98357
5,1.567531,93.287056,3.8446005649560573,2.493431,1.3545919421296295,2.738036,17.03481541898148,90.6268671388889,1.187322442871137,-0.002498368055555557,-0.0009905138888888887,0.016385993055555555,0.0076676203703703715,0.1268913266797472,0.07509013992523067,0.2688125563721229,0.1849302104388792,-0.15891063072575978,-0.024311748911958364,NES,Random,SFM,7.371552
6,1.803956,93.471028,5.23981375825456,3.8369214050179212,1.4074408279569892,4.500868,15.881452544802867,74.95851220071683,1.173487895788639,0.006251125448028673,0.00013396774193548465,0.0245428458781362,0.010052964157706096,0.353624202193831,0.11991331116837939,0.483773699707455,0.3449583896038194,-0.15601087362457428,-0.025303662356287216,NES,Random,SFM,9.974902
7,1.829956,91.578732,5.979340984324336,4.596803364016736,1.3874944309623432,5.71733,16.048650393305437,70.94535069456066,0.21736990499299594,0.0051442301255230135,3.4728033472798592e-06,0.038770564853556476,0.011873238493723848,0.5388196051948844,0.13990817548299023,0.6073969403419127,0.389941661264353,-0.10999333964889928,-0.03054682439733506,NES,Random,SFM,11.891537
8,1.522929,92.840521,6.070111304644544,4.355482348000001,1.719135452,5.183123,16.531645384,76.941239328,1.0471508691198113,-0.002374288,0.0014827760000000003,0.04181878399999999,0.012720608000000001,0.4480633368296229,0.16321691988854714,0.6825659291587981,0.26849568859785466,-0.18232502274731394,-0.02941979684225915,NES,Random,SFM,11.228613
9,1.928776,89.097259,5.615835749643173,4.3582341,1.2662928119999999,5.253876,15.754705911999999,70.60203340000001,-0.19297396336788397,8.634400000000042e-05,-0.0018904240000000004,0.038790824,0.012207008,0.458267213299288,0.12351927055394471,0.7146455417981405,0.20150743398428425,-0.12362390680110542,-0.018648928753415093,NES,Random,SFM,11.695068
10,1.799026,91.183188,4.770334780480387,3.3566050030959755,1.4195684953560372,3.815435,16.328734693498454,81.76112690712075,-0.10622397516956927,-0.004073501547987614,0.0004514427244582042,0.026321346749226003,0.008469065015479876,0.2552617631234463,0.10793828112818271,0.4277831138063571,0.25549322083247616,-0.07311786545011754,-0.02000826436165745,NES,Random,SFM,9.813393
11,1.758523,90.133584,6.09857876024408,4.564177782426777,1.5396326694560674,5.506408,16.216963656903765,74.01660245188285,0.5494142759330073,0.0070752008368200866,0.0006510334728033477,0.03597689121338913,0.012765251046025104,0.519342906817831,0.16079728319789405,0.7701617952758218,0.27266982173280546,-0.10961134345367339,-0.025028986521601838,NES,Random,SFM,12.403106
12,1.836506,91.219877,5.2923108400730605,3.987358315068494,1.311779294520548,4.637573,16.52069630821918,80.543091880137,-0.5054371776990416,-0.0029754623287671232,-0.0009080239726027398,0.03304546232876713,0.010165770547945204,0.3493081674375179,0.10887250760042007,0.4535291641358077,0.24845946907299113,-0.15828720059408652,-0.026312047034264877,NES,Random,SFM,10.936886
13,2.033398,90.498669,6.084725195306328,4.555421307692308,1.5354231659919029,5.492456,16.57582636437247,75.736238951417,0.504252065378213,0.0033648340080971685,0.0010071012145748983,0.03789689068825911,0.011450858299595138,0.4999024242510281,0.15476250873256384,0.692376618864799,0.3403971372102811,-0.06428523083801756,-0.04770736956369856,NES,Random,SFM,12.187077
14,1.639095,86.730758,7.204824217526798,5.305190448113207,1.9031972452830186,6.913912,17.16167761792453,73.83038021698114,-0.23928612115830825,0.006502334905660382,0.0019976273584905667,0.05429555188679246,0.016891929245283013,0.7405196911017087,0.2288990199617444,0.8852964252023895,0.3851160175808075,-0.14254396114733198,-0.018993704365619285,NES,Random,SFM,13.333357
15,1.586481,87.67121,5.681593995693147,4.411011472440944,1.2730578031496063,5.40096,16.020495500000003,71.22049388582677,0.777652178041343,-0.006195704724409452,-0.002810562992125984,0.04642289370078739,0.012688161417322836,0.4618765350459573,0.12038283722269089,0.7602612768900545,0.4238666025609831,-0.2973501318815997,-0.02253965528426446,NES,Random,SFM,10.889009
16,1.766311,89.713144,5.284296330797945,3.747288294520548,1.5426619349315067,4.36766,16.440849664383563,81.6129200650685,0.36881865806825787,-0.0032031095890410945,0.0009487910958904119,0.03166899315068493,0.009677352739726029,0.3239994794245642,0.12936274529809572,0.4766023872496876,0.3127968418541507,-0.12728044422546791,-0.012821351428743402,NES,Random,SFM,10.545211
17,1.677924,90.107682,5.800807076413404,4.2650316875,1.5418542773437502,5.117521,16.2722231328125,74.63691251953125,1.6105493260917865,0.0030443593749999998,3.065234375000019e-05,0.03503975000000001,0.012182207031249996,0.4466470916077164,0.14799328507983212,0.5944929888598144,0.39478505373716916,-0.15366137274870562,-0.013607265222076385,NES,Random,SFM,11.110228
18,1.800936,93.136724,5.731270449168199,4.284945373076924,1.4507145307692308,5.162772,16.251589050000003,75.70275903076926,0.4412159872596544,0.00017404230769230914,-0.0003532576923076928,0.03719191923076923,0.011618603846153847,0.44272146612834407,0.13669931802999352,0.5982399048286235,0.4023818996760918,-0.2111706495613707,-0.029859171742389987,NES,Random,SFM,11.335442
19,1.718724,88.778958,5.642816847443365,4.365693424908424,1.281061564102564,5.295414,16.62224883882784,77.98297799267398,-0.4113300616007449,0.00027244322344322316,-0.0006882197802197813,0.0366019304029304,0.010292908424908424,0.4289360064244024,0.11325700641425256,0.5992228433484397,0.19988001708119557,-0.14092366692436248,-0.02242361506295332,NES,Random,SFM,11.029488
20,1.958981,91.068792,4.816838374292192,3.3556508676923076,1.467685956923077,3.754884,16.701873953846153,83.93013538153846,0.39863572818287785,-0.004560815384615383,0.0005961876923076925,0.02619640923076923,0.008756236923076923,0.23523620882144292,0.10888395839937554,0.4749121972865625,0.2392615850637025,-0.10489380669802996,-0.020394955685689727,NES,Random,SFM,10.110789
1,1.57341,92.970758,5.560920196691137,4.2038432022471905,1.364142041198502,4.984469,16.193189910112363,76.56718082397003,-0.05060126312899714,0.016858906015037593,0.005066676691729323,0.020169875939849622,0.005160992481203007,0.4214699471512404,0.12667813347426496,0.6249886671155361,0.3208489033307294,-0.25608747626815553,-0.007466672592924807,NES,Random,Without SFM,11.089872
2,1.87707,91.582704,4.744217792961654,3.6303613986928105,1.1201409640522877,4.139531,15.774293176470588,75.46545357516338,0.17649468097596943,-0.002794607843137257,-0.0010492320261437911,0.02797492156862745,0.00821589215686275,0.2918821197327393,0.08249422827238859,0.5095979746052559,0.30460678905754945,-0.11663480936958535,-0.027142214547856747,NES,Random,Without SFM,9.750587
3,1.817956,90.220501,5.740607904593539,4.040827743772242,1.7075889430604985,4.753571,17.21888090391459,83.09395167615659,0.4439604345034931,0.0022215373665480428,0.0024164056939501785,0.02921270462633451,0.010136298932384342,0.3781035802582923,0.15165969422295902,0.49734600707933574,0.26402048554178187,-0.1542113895937925,-0.015365073008605035,NES,Random,Without SFM,11.423374
4,1.760665,88.235861,5.031400905796666,3.483976156549521,1.5524917699680512,4.012544,16.71614256230032,83.69071400638977,0.4556773025921061,-0.00236749840255591,-0.0006816900958466458,0.026125421725239618,0.010850424920127798,0.2795559926152859,0.11879026946878352,0.4006511859059396,0.32344057691718914,-0.0681256180199187,-0.023230684081116375,NES,Random,Without SFM,10.213784
5,1.582668,96.388002,4.888380087112656,3.02302930994152,1.8775384005847955,3.409044,17.419044552631576,90.01859252046785,1.5273593462113952,-0.002079985380116958,0.0009726315789473692,0.021710681286549707,0.010156339181286554,0.20412373961522456,0.1331313460152509,0.434830188762369,0.3746265029641496,-0.11662733456802023,-0.024959091941843658,NES,Random,Without SFM,9.314697
6,1.781277,90.036612,5.021136849976305,4.201749695167287,0.8242173680297398,4.911558,15.2876666394052,67.9364383197026,0.46222645178025107,0.0059865018587360605,-0.003875951672862453,0.02931797397769517,0.010351118959107806,0.4071706328018875,0.07173052982813459,0.6942254752573366,0.1360933511087859,-0.27010753074402394,-0.038740994588086504,NES,Random,Without SFM,10.098703
7,1.588086,91.307721,5.192069671085005,3.94888294047619,1.2496473809523811,4.653413,15.770678507936505,75.1141667063492,1.0429840237324275,-0.0014827579365079377,0.0016734365079365083,0.03727716269841269,0.007964579365079365,0.30539224650541985,0.08994747883553945,0.5833662613231874,0.3018392876037266,-0.22642560949520715,-0.006659053447006685,NES,Random,Without SFM,10.373337
8,1.885267,88.116441,4.858664920058223,3.5304085128205123,1.3335775288461538,4.02511,16.118949775641024,80.32846685576924,0.4860567707409827,-0.0016435673076923073,0.00026117628205128235,0.024987798076923078,0.008471624999999998,0.2788669038274411,0.10193143178790605,0.44851909370288806,0.25802147817881127,-0.10366415455191426,-0.034185278814794016,NES,Random,Without SFM,9.720401
9,1.559087,91.112613,5.767798389956299,4.0943712007575765,1.6824999166666663,4.851555,16.73132037121212,82.14326057954545,1.8009043577700865,0.003030250000000003,0.0014886022727272723,0.032835666666666666,0.012076352272727272,0.38819902725533456,0.15001071186794812,0.6022964586511852,0.33705406285460654,-0.20266941945831568,-0.04328429796482078,NES,Random,Without SFM,10.995388
10,1.730064,91.830121,5.500757883749579,3.8972573298245616,1.6125481614035087,4.560542,16.776821315789473,81.03731969473684,0.8002625662020875,-0.0009544491228070194,-0.0003166912280701752,0.03089604912280702,0.01188184210526316,0.350601433791803,0.13739903752156443,0.44818408622447453,0.35826138493875453,-0.1466609541469806,-0.026170943260396175,NES,Random,Without SFM,11.093502
11,1.605429,90.260436,5.4043776833129735,3.689841166666666,1.7225447755102041,4.290838,16.834319778911564,83.22957473809524,0.7707495314165469,-0.0013267006802721096,0.00045162585034013667,0.03042075510204082,0.011567374149659864,0.3079680573350938,0.144968216352113,0.6180419040253488,0.3271874578247927,-0.23398057914096806,-0.027672342836175,NES,Random,Without SFM,10.121772
12,1.745963,94.505929,5.720165677095162,4.086299904059041,1.6414096789667894,4.81891,16.757208892988928,79.76346294095941,0.48891111983974406,0.0024193911439114404,-0.00028935793357933554,0.030972143911439123,0.012808797047970477,0.3950712617564413,0.1499713852406583,0.5386358430989306,0.3365926927187495,-0.10082025191299736,-0.023579118431253723,NES,Random,Without SFM,11.410666
13,1.44524,89.370498,5.19977855428725,3.932904365248226,1.2739173652482272,4.564367,15.916900975177308,75.5861379503546,0.7523180193385881,-0.0009018297872340433,-0.0013985780141843962,0.031089872340425536,0.010648968085106385,0.3551448837470036,0.10869197562345222,0.5513804785333164,0.26298268180883605,-0.3132787570137526,-0.030604928413783556,NES,Random,Without SFM,10.287606
14,1.779325,93.720792,4.964927818845581,3.6761208013245033,1.2954264602649006,4.194843,16.120248990066223,78.55962948344369,0.4728833510238169,-0.001223589403973512,5.075496688741688e-05,0.02732107947019867,0.008575966887417217,0.3057518518928808,0.10457687920351134,0.4691306285852578,0.22156420108665326,-0.09656832392584572,-0.013911549863064825,NES,Random,Without SFM,10.253395
15,1.702977,91.025943,5.657204572979719,3.859202156028369,1.807218365248227,4.469162,17.029129372340424,83.31525069503546,0.8165962241526256,0.0006571453900709208,0.001923141843971632,0.029018776595744672,0.011161950354609929,0.340587391004966,0.15893695377041445,0.5102989819376043,0.44783920422065626,-0.1127058820237956,-0.021429788056897256,NES,Random,Without SFM,10.920706
16,1.870336,92.027957,5.377151630163618,3.831986442906574,1.5530563079584778,4.392085,16.658776442906575,81.67091744290657,0.3199732608066462,-7.048442906574163e-05,-0.0009218754325259525,0.02802097577854671,0.011589522491349482,0.33020723929279683,0.1314564716610177,0.590480678093987,0.4429627802430716,-0.07697644164518731,-0.015190043642030946,NES,Random,Without SFM,11.666633
17,1.577798,92.931381,6.101327176755526,4.604784123966943,1.5020574545454548,5.690909,16.31664614876033,73.78706750826446,1.57731796237256,0.005500500000000001,-0.00015789669421487602,0.03860612809917355,0.012724904958677685,0.5337256214452565,0.15409560907215328,0.638353088350023,0.427151727650003,-0.3545162562835598,-0.016868985241608552,NES,Random,Without SFM,11.915575
18,1.744663,87.264516,5.352966402261206,4.0630278,1.2958488925925926,4.757805,15.810862755555556,73.9616556925926,1.0359287161261552,-0.003455940740740738,-0.0008615814814814816,0.037175674074074086,0.010700137037037035,0.38787565705156324,0.11561975747659549,0.7157326256966993,0.24414085196761176,-0.39456782964578724,-0.025789887648239126,NES,Random,Without SFM,10.462662
19,1.890134,92.066257,5.278924717753241,3.436067705696202,1.8541807879746837,3.925102,17.672767724683542,88.43233728481013,1.1260980669008147,-0.0027505474683544315,0.0018474493670886077,0.026386490506329116,0.010431265822784811,0.26722313186392893,0.1462976232153633,0.37952310924957594,0.3391802487981041,-0.12927790154194407,-0.02417794300078819,NES,Random,Without SFM,11.93253
20,1.763525,95.894019,4.862708718103923,3.3354882298136643,1.5364420155279506,3.773675,16.509920552795027,81.8892124068323,0.33258460553452873,-0.00035700931677018765,-0.0010181428571428574,0.023698531055900623,0.010924844720496896,0.25064805340074986,0.1164389492112334,0.5133811835497366,0.30910324615155543,-0.1655010424320041,-0.0457880212987212,NES,Random,Without SFM,9.55189
