dataset_id,object_id,user_type,ingroup,group_id,gender,age,disable,cellphone,talking,extra_luggage
D2,1,ped,1,1,f,young,0,0,1,0
D2,2,ped,1,1,f,young,0,0,1,0
D2,3,ped,0,0,m,young,0,0,0,0
D2,4,ped,1,2,m,young,0,0,1,0
D2,5,ped,1,2,f,young,0,0,1,bicycle
D2,6,ped,1,3,m,young,0,0,1,0
D2,7,ped,1,3,m,young,0,0,1,0
D2,8,ped,1,3,m,young,0,0,1,0
D2,9,ped,1,4,unknown,unknown,0,0,1,0
D2,10,ped,1,4,m,young,0,0,1,0
D2,11,ped,0,0,f,young,0,0,0,0
D2,12,ped,1,5,m,young,0,0,1,0
D2,13,ped,1,5,m,young,0,0,1,0
D2,14,ped,0,0,m,young,0,0,0,0
D2,15,veh,0,0,unknown,unknown,,,,
D2,16,ped,0,0,f,young,0,0,0,0
D2,17,ped,0,0,f,young,0,0,0,0
D2,18,veh,0,0,unknown,unknown,0,0,0,0
D2,19,ped,0,0,f,young,0,0,0,0
D2,20,ped,1,6,m,young,0,0,1,0
D2,21,ped,0,0,m,young,0,0,0,0
D2,22,ped,1,6,m,young,0,0,0,0
D2,23,ped,1,6,m,young,0,0,0,0
D2,24,ped,1,6,m,young,0,0,0,0
D2,25,ped,0,0,m,young,0,0,0,0
D2,26,ped,0,0,m,young,0,0,0,0
D2,27,ped,0,0,f,young,0,0,0,0
D2,28,ped,1,7,m,old,0,0,0,0
D2,29,ped,1,7,m,young,0,0,0,0
D2,30,ped,1,8,m,young,0,0,0,0
D2,31,ped,1,8,m,young,0,0,0,0
D2,32,ped,0,0,f,young,0,0,0,0
D2,33,ped,1,9,unknown,young,0,0,0,0
D2,34,ped,1,9,m,young,0,0,0,0
D2,35,ped,1,9,m,young,0,0,0,0
D2,36,ped,0,0,f,young,0,0,0,0
D2,37,ped,1,10,m,young,0,0,0,0
D2,38,ped,1,10,m,young,0,0,0,0
D2,39,ped,1,11,m,young,0,0,0,0
D2,40,ped,1,11,m,young,0,0,0,0
D2,41,cyc,0,0,unknown,young,0,0,0,
D2,42,ped,1,12,m,young,0,0,0,0
D2,43,ped,1,12,m,young,0,0,0,bicycle
D2,44,ped,0,0,m,young,0,0,0,0
D2,45,ped,1,13,f,young,0,0,0,0
D2,46,ped,1,13,f,young,0,0,0,0
D2,47,ped,1,13,m,young,0,0,0,0
D2,48,ped,1,14,m,young,0,0,0,0
D2,49,ped,1,14,m,young,0,0,0,0
D2,50,ped,1,15,m,young,0,0,0,0
D2,51,ped,1,15,m,young,0,0,0,0
D2,52,ped,0,0,m,young,0,0,0,0
D2,53,ped,1,16,m,young,0,0,0,0
D2,54,ped,1,16,m,young,0,0,0,0
D2,55,ped,1,17,f,young,0,0,0,0
D2,56,ped,1,17,m,young,0,0,0,0
D2,57,cyc,0,0,m,young,0,0,0,
D2,58,ped,1,18,m,young,0,0,0,0
D2,59,ped,1,18,m,young,0,0,0,0
D2,60,ped,0,0,m,young,0,0,0,0
D2,61,cyc,0,0,m,young,0,0,0,
D2,62,ped,1,19,f,young,0,0,0,0
D2,63,ped,1,19,m,young,0,0,0,0
D2,64,ped,0,0,m,young,0,0,0,0
D2,65,ped,0,0,m,young,0,0,0,0
D2,66,ped,0,0,m,young,0,0,0,0
D2,67,ped,0,0,f,young,0,0,0,0
D2,68,ped,1,20,m,young,0,0,0,0
D2,69,ped,1,20,m,young,0,0,0,0
D2,70,ped,0,0,m,young,0,0,0,0
D2,71,ped,0,0,m,young,0,0,0,0
D2,72,ped,0,0,m,young,0,0,0,0
D2,73,ped,1,21,m,young,0,0,0,0
D2,74,ped,1,21,m,young,0,0,0,0
D2,75,ped,0,0,m,young,0,0,0,0
D2,76,ped,1,22,m,young,0,0,0,0
D2,77,ped,1,22,m,young,0,0,0,0
D2,78,ped,1,23,m,young,0,0,0,0
D2,79,ped,1,23,m,young,0,0,0,0
D2,80,ped,1,24,m,young,0,0,0,0
D2,81,ped,1,24,m,young,0,0,0,0
D2,82,ped,1,25,m,young,0,0,0,0
D2,83,ped,1,25,m,young,0,0,0,0
D2,84,cyc,0,0,f,young,0,0,0,
D2,85,ped,0,0,m,young,0,0,0,0
D2,86,ped,1,26,m,young,0,0,0,0
D2,87,ped,1,26,m,young,0,0,0,0
D2,88,ped,1,27,m,young,0,0,0,0
D2,89,ped,1,27,m,young,0,0,0,0
D2,90,ped,1,27,m,young,0,0,0,0
D2,91,ped,0,0,f,young,0,0,0,0
D2,92,ped,1,28,m,unknown,0,0,0,0
D2,93,ped,1,28,m,unknown,0,0,0,0
D2,94,cyc,0,0,f,young,0,0,0,
D2,95,ped,1,29,m,young,0,0,0,0
D2,96,ped,1,29,m,young,0,0,0,bicycle
D2,97,ped,0,0,m,young,0,0,0,0
D2,98,ped,0,0,m,young,0,0,0,0
D2,99,cyc,0,0,unknown,young,0,0,0,
D2,100,ped,1,30,m,young,0,0,0,0
D2,101,ped,1,30,m,young,0,0,0,bicycle
D2,102,ped,1,30,m,young,0,0,0,0
D2,103,ped,0,0,f,young,0,0,0,0
D2,104,cyc,0,0,f,young,0,0,0,
D2,105,ped,1,31,m,young,0,0,0,bicycle
D2,106,ped,1,31,m,young,0,0,0,0
D2,107,cyc,0,0,f,unknown,0,0,0,
D2,108,ped,0,0,m,young,0,0,0,
D2,109,cyc,0,0,unknown,young,0,0,0,
D2,110,ped,1,36,m,young,0,0,0,0
D2,111,cyc,1,36,m,young,0,0,0,
D2,112,ped,0,0,m,young,0,0,0,0
D2,113,ped,1,32,m,young,0,0,0,0
D2,114,ped,1,32,m,young,0,0,0,0
D2,115,ped,0,0,f,young,0,0,0,0
D2,116,ped,0,0,m,young,0,0,0,0
D2,117,ped,0,0,f,young,0,0,0,0
D2,118,ped,0,0,f,young,0,0,0,0
D2,119,ped,0,0,f,young,0,0,0,0
D2,120,ped,0,0,f,unknown,0,0,0,0
D2,121,cyc,0,0,m,young,0,0,0,0
D2,122,ped,1,33,f,young,0,0,0,0
D2,123,ped,1,33,unknown,young,0,0,0,0
D2,124,ped,1,33,m,young,0,0,0,0
D2,125,ped,1,33,m,young,0,0,0,0
D2,126,ped,0,0,m,young,0,0,0,0
D2,127,ped,0,0,m,young,0,0,0,0
D2,128,ped,0,0,f,young,0,0,0,0
D2,129,ped,1,34,m,young,0,0,0,0
D2,130,ped,1,34,m,young,0,0,0,0
D2,131,ped,1,34,m,young,0,0,0,0
D2,132,cyc,0,0,f,young,0,0,0,0
D2,133,cyc,0,0,unknown,young,0,0,0,0
D2,134,ped,1,35,m,young,0,0,0,0
D2,135,ped,1,35,m,young,0,0,0,0
D2,136,ped,1,35,m,young,0,0,0,0
D2,137,ped,0,0,m,young,0,0,0,0
D2,138,ped,0,0,m,y,0,0,0,0
D2,139,ped,0,0,m,y,0,0,0,0
D2,140,ped,0,0,m,y,0,0,0,0
D2,141,ped,0,0,f,y,0,0,0,0
D2,142,veh,0,0,u,u,0,0,0,0
D2,143,cyc,0,0,f,y,0,0,0,0
D2,144,ped,0,0,m,y,0,0,0,0
D2,145,veh,0,0,u,u,0,0,0,0
D2,146,ped,0,0,m,y,0,0,0,0
D2,147,ped,0,0,m,y,0,0,0,0
D2,148,cyc,0,0,m,y,0,0,0,0