frame,id,class,tl_x,tl_y,br_x,br_y
0,0,1,42.615,8.860,41.561,8.147
1,0,1,42.642,8.878,41.543,8.138
2,0,1,42.597,8.869,41.498,8.129
3,0,1,42.588,8.878,41.489,8.138
4,0,1,42.552,8.869,41.452,8.130
5,0,1,42.507,8.878,41.407,8.139
6,0,1,42.480,8.869,41.380,8.130
7,0,1,42.425,8.879,41.326,8.139
8,0,1,42.389,8.870,41.290,8.130
9,0,1,42.335,8.879,41.235,8.139
10,0,1,42.299,8.870,41.199,8.130
11,0,1,42.244,8.789,41.144,8.049
12,0,1,42.072,8.817,40.909,8.077
13,0,1,42.063,8.817,40.918,8.077
14,0,1,41.991,8.862,40.846,8.123
15,0,1,41.973,8.799,40.827,8.059
16,0,1,41.927,8.808,40.782,8.068
17,0,1,41.882,8.790,40.737,8.050
18,0,1,41.837,8.827,40.692,8.087
19,0,1,41.792,8.818,40.646,8.078
20,0,1,41.765,8.836,40.619,8.096
21,0,1,41.737,8.818,40.592,8.078
22,0,1,41.710,8.827,40.565,8.087
23,0,1,41.656,8.836,40.510,8.097
24,0,1,41.602,8.846,40.456,8.106
25,0,1,41.538,8.837,40.393,8.097
26,0,1,41.493,8.846,40.347,8.106
27,0,1,41.430,8.837,40.284,8.097
28,0,1,41.384,8.847,40.239,8.107
29,0,1,41.339,8.838,40.193,8.098
30,0,1,41.294,8.847,40.148,8.107
31,0,1,41.249,8.838,40.103,8.098
32,0,1,41.203,8.847,40.057,8.107
33,0,1,41.158,8.838,40.012,8.098
34,0,1,41.113,8.848,39.967,8.108
35,0,1,41.049,8.839,39.903,8.099
36,0,1,41.004,8.848,39.858,8.108
37,0,1,40.959,8.821,39.812,8.081
38,0,1,40.931,8.830,39.785,8.090
39,0,1,40.868,8.803,39.721,8.063
40,0,1,40.841,8.794,39.694,8.054
41,0,1,40.777,8.785,39.631,8.045
42,0,1,40.750,8.795,39.604,8.054
43,0,1,40.687,8.786,39.540,8.046
44,0,1,40.641,8.777,39.495,8.037
45,0,1,40.596,8.768,39.449,8.028
46,0,1,40.551,8.777,39.404,8.037
47,0,1,40.505,8.768,39.358,8.028
48,0,1,40.460,8.759,39.313,8.019
49,0,1,40.396,8.751,39.249,8.010
50,0,1,40.351,8.760,39.204,8.019
51,0,1,40.287,8.751,39.141,8.011
52,0,1,40.242,8.760,39.095,8.020
53,0,1,40.197,8.770,39.050,8.029
54,0,1,40.170,8.779,39.023,8.038
55,0,1,40.124,8.770,38.977,8.029
56,0,1,40.079,8.779,38.932,8.039
57,0,1,40.034,8.770,38.886,8.030
58,0,1,39.988,8.780,38.841,8.039
59,0,1,39.925,8.771,38.778,8.030
60,0,1,39.879,8.780,38.732,8.039
61,0,1,39.816,8.771,38.669,8.030
62,0,1,39.789,8.762,38.641,8.021
63,0,1,39.725,8.753,38.578,8.013
64,0,1,39.680,8.763,38.532,8.022
65,0,1,39.616,8.754,38.469,8.013
66,0,1,39.571,8.763,38.423,8.022
67,0,1,39.507,8.754,38.360,8.013
68,0,1,39.462,8.763,38.314,8.023
69,0,1,39.398,8.755,38.251,8.014
70,0,1,39.371,8.764,38.223,8.023
71,0,1,39.326,8.755,38.178,8.014
72,0,1,39.280,8.746,38.132,8.005
73,0,1,39.235,8.737,38.087,7.996
74,0,1,39.189,8.728,38.041,7.987
75,0,1,39.126,8.719,37.978,7.978
76,0,1,39.080,8.710,37.932,7.969
77,0,1,39.017,8.702,37.869,7.960
78,0,1,38.990,8.711,37.841,7.970
79,0,1,38.926,8.702,37.778,7.961
80,0,1,38.881,8.711,37.732,7.970
81,0,1,38.817,8.702,37.669,7.961
82,0,1,38.772,8.712,37.623,7.970
83,0,1,38.708,8.703,37.560,7.962
84,0,1,38.663,8.712,37.514,7.971
85,0,1,38.617,8.721,37.469,7.980
86,0,1,38.572,8.731,37.423,7.989
87,0,1,38.508,8.722,37.360,7.980
88,0,1,38.481,8.731,37.332,7.990
89,0,1,38.417,8.740,37.269,7.999
90,0,1,38.390,8.731,37.241,7.990
91,0,1,38.345,8.722,37.196,7.981
92,0,1,38.299,8.732,37.150,7.990
93,0,1,38.236,8.723,37.087,7.981
94,0,1,38.190,8.732,37.041,7.991
95,0,1,38.145,8.723,36.996,7.982
96,0,1,38.099,8.714,36.950,7.973
97,0,1,38.035,8.705,36.886,7.964
98,0,1,37.990,8.715,36.841,7.973
99,0,1,37.945,8.706,36.795,7.964
100,0,1,37.899,8.715,36.750,7.973
101,0,1,37.835,8.706,36.686,7.964
102,0,1,37.790,8.715,36.641,7.974
103,0,1,37.726,8.707,36.577,7.965
104,0,1,37.699,8.716,36.550,7.974
105,0,1,37.653,8.707,36.504,7.965
106,0,1,37.608,8.716,36.458,7.974
107,0,1,37.544,8.689,36.395,7.947
108,0,1,37.517,8.680,36.367,7.938
109,0,1,37.453,8.671,36.304,7.929
110,0,1,37.426,8.680,36.276,7.939
111,0,1,37.380,8.672,36.231,7.930
112,0,1,37.335,8.681,36.185,7.939
113,0,1,37.289,8.672,36.140,7.930
114,0,1,37.244,8.681,36.094,7.939
115,0,1,37.180,8.672,36.030,7.930
116,0,1,37.116,8.682,35.967,7.940
117,0,1,37.053,8.673,35.903,7.931
118,0,1,37.025,8.682,35.875,7.940
119,0,1,36.980,8.673,35.830,7.931
120,0,1,36.934,8.682,35.784,7.940
121,0,1,36.853,8.692,35.702,7.950
122,0,1,36.807,8.719,35.657,7.977
123,0,1,36.743,8.729,35.593,7.986
124,0,1,36.716,8.720,35.566,7.977
125,0,1,36.670,8.711,35.520,7.968
126,0,1,36.625,8.720,35.474,7.978
127,0,1,36.579,8.711,35.429,7.969
128,0,1,36.552,8.702,35.401,7.960
129,0,1,36.506,8.693,35.356,7.951
130,0,1,36.479,8.684,35.328,7.942
131,0,1,36.433,8.675,35.283,7.933
132,0,1,36.388,8.684,35.237,7.942
133,0,1,36.342,8.676,35.192,7.933
134,0,1,36.297,8.685,35.146,7.942
135,0,1,36.251,8.676,35.100,7.934
136,0,1,36.206,8.685,35.055,7.943
137,0,1,36.160,8.676,35.009,7.934
138,0,1,36.133,8.685,34.982,7.943
139,0,1,36.087,8.677,34.936,7.934
140,0,1,36.042,8.686,34.891,7.943
141,0,1,35.996,8.677,34.845,7.934
142,0,1,35.951,8.686,34.799,7.944
143,0,1,35.887,8.677,34.736,7.935
144,0,1,35.841,8.687,34.690,7.944
145,0,1,35.796,8.678,34.644,7.935
146,0,1,35.750,8.687,34.599,7.944
147,0,1,35.704,8.678,34.553,7.935
148,0,1,35.659,8.687,34.507,7.945
149,0,1,35.613,8.678,34.462,7.936
150,0,1,35.586,8.688,34.434,7.945
151,0,1,35.522,8.679,34.370,7.936
152,0,1,35.495,8.688,34.343,7.945
153,0,1,35.449,8.679,34.297,7.936
154,0,1,35.422,8.688,34.270,7.945
155,0,1,35.376,8.679,34.224,7.937
156,0,1,35.330,8.689,34.179,7.946
157,0,1,35.267,8.680,34.115,7.937
158,0,1,35.221,8.689,34.069,7.946
159,0,1,35.157,8.680,34.005,7.937
160,0,1,35.130,8.671,33.978,7.928
161,0,1,35.084,8.662,33.932,7.919
162,0,1,35.038,8.671,33.886,7.929
163,0,1,34.993,8.644,33.841,7.901
164,0,1,34.965,8.654,33.813,7.911
165,0,1,34.901,8.645,33.749,7.902
166,0,1,34.874,8.636,33.722,7.893
167,0,1,34.828,8.627,33.676,7.884
168,0,1,34.801,8.636,33.649,7.893
169,0,1,34.755,8.627,33.603,7.884
170,0,1,34.710,8.636,33.557,7.893
171,0,1,34.664,8.646,33.512,7.902
172,0,1,34.618,8.637,33.466,7.894
173,0,1,34.573,8.628,33.420,7.885
174,0,1,34.527,8.637,33.375,7.894
175,0,1,34.463,8.628,33.311,7.885
176,0,1,34.436,8.637,33.283,7.894
177,0,1,34.390,8.628,33.238,7.885
178,0,1,34.345,8.638,33.192,7.894
179,0,1,34.281,8.629,33.128,7.886
180,0,1,34.235,8.620,33.082,7.877
181,0,1,34.189,8.611,33.036,7.868
182,0,1,34.144,8.620,32.991,7.877
183,0,1,34.098,8.611,32.945,7.868
184,0,1,34.052,8.602,32.899,7.859
185,0,1,34.006,8.593,32.853,7.850
186,0,1,33.979,8.603,32.826,7.859
187,0,1,33.933,8.594,32.780,7.850
188,0,1,33.906,8.585,32.753,7.841
189,0,1,33.860,8.448,32.826,7.777
190,0,1,33.906,8.475,32.771,7.750
191,0,1,33.860,8.466,32.725,7.741
192,0,1,33.814,8.457,32.680,7.732
193,0,1,33.769,8.467,32.634,7.741
194,0,1,33.723,8.458,32.588,7.732
195,0,1,33.695,8.449,32.561,7.723
196,0,1,33.650,8.440,32.515,7.714
197,0,1,33.622,8.431,32.487,7.705
198,0,1,33.577,8.422,32.442,7.696
199,0,1,33.549,8.413,32.414,7.687
200,0,1,33.503,8.404,32.368,7.678
201,0,1,33.476,8.413,32.341,7.688
202,0,1,33.430,8.404,32.295,7.679
203,0,1,33.403,8.413,32.268,7.688
204,0,1,33.357,8.404,32.222,7.679
205,0,1,33.311,8.414,32.176,7.688
0,1,1,44.326,9.306,43.128,8.586
1,1,1,44.362,9.324,43.110,8.577
2,1,1,44.317,9.324,43.065,8.577
3,1,1,44.272,9.306,43.020,8.559
4,1,1,44.217,9.289,42.965,8.541
5,1,1,44.199,9.298,42.947,8.550
6,1,1,44.145,9.289,42.893,8.541
7,1,1,44.109,9.271,42.857,8.523
8,1,1,44.100,9.253,42.848,8.505
9,1,1,44.036,9.235,42.784,8.487
10,1,1,44.036,9.199,42.784,8.451
11,1,1,44.108,9.180,42.856,8.433
12,1,1,43.938,9.308,42.758,8.542
13,1,1,43.938,9.299,42.740,8.542
14,1,1,43.884,9.399,42.686,8.642
15,1,1,43.847,9.281,42.649,8.524
16,1,1,43.802,9.254,42.604,8.497
17,1,1,43.747,9.236,42.549,8.479
18,1,1,43.693,9.255,42.495,8.498
19,1,1,43.630,9.246,42.432,8.489
20,1,1,43.594,9.246,42.396,8.489
21,1,1,43.540,9.246,42.341,8.489
22,1,1,43.495,9.237,42.296,8.480
23,1,1,43.449,9.228,42.251,8.471
24,1,1,43.422,9.219,42.224,8.462
25,1,1,43.377,9.247,42.179,8.490
26,1,1,43.332,9.256,42.133,8.499
27,1,1,43.287,9.283,42.088,8.526
28,1,1,43.260,9.293,42.061,8.535
29,1,1,43.215,9.302,42.016,8.545
30,1,1,43.170,9.311,41.971,8.554
31,1,1,43.107,9.339,41.908,8.581
32,1,1,43.061,9.330,41.862,8.573
33,1,1,42.998,9.339,41.799,8.582
34,1,1,42.953,9.330,41.754,8.573
35,1,1,42.908,9.340,41.709,8.582
36,1,1,42.753,9.141,41.526,8.374
37,1,1,42.599,9.123,41.454,8.402
38,1,1,42.617,9.132,41.427,8.384
39,1,1,42.581,9.132,41.391,8.384
40,1,1,42.545,9.132,41.354,8.384
41,1,1,42.508,9.114,41.318,8.366
42,1,1,42.490,9.096,41.300,8.348
43,1,1,42.472,9.042,41.281,8.293
44,1,1,42.435,9.024,41.245,8.275
45,1,1,42.399,9.006,41.209,8.257
46,1,1,42.345,8.988,41.154,8.239
47,1,1,42.290,8.988,41.100,8.240
48,1,1,42.236,8.988,41.046,8.240
49,1,1,42.164,8.989,40.973,8.240
50,1,1,42.110,8.989,40.919,8.240
51,1,1,42.055,8.989,40.865,8.241
52,1,1,42.001,9.008,40.810,8.259
53,1,1,41.965,9.008,40.774,8.259
54,1,1,41.911,9.008,40.720,8.259
55,1,1,41.874,9.008,40.683,8.259
56,1,1,41.838,9.008,40.647,8.259
57,1,1,41.802,9.008,40.611,8.260
58,1,1,41.766,9.027,40.575,8.278
59,1,1,41.748,9.045,40.557,8.296
60,1,1,41.712,9.063,40.521,8.314
61,1,1,41.658,9.082,40.466,8.333
62,1,1,41.603,9.100,40.412,8.351
63,1,1,41.531,9.100,40.340,8.351
64,1,1,41.477,9.100,40.285,8.352
65,1,1,41.422,9.101,40.231,8.352
66,1,1,41.350,9.101,40.158,8.352
67,1,1,41.295,9.101,40.104,8.352
68,1,1,41.241,9.083,40.049,8.334
69,1,1,41.205,9.083,40.013,8.334
70,1,1,41.150,9.065,39.959,8.316
71,1,1,41.114,9.066,39.922,8.317
72,1,1,41.078,9.066,39.886,8.317
73,1,1,41.042,9.066,39.850,8.317
74,1,1,41.005,9.048,39.813,8.299
75,1,1,40.987,9.012,39.795,8.263
76,1,1,40.950,8.976,39.759,8.226
77,1,1,40.896,8.958,39.704,8.208
78,1,1,40.841,8.940,39.650,8.190
79,1,1,40.769,8.922,39.577,8.173
80,1,1,40.715,8.922,39.522,8.173
81,1,1,40.660,8.922,39.468,8.173
82,1,1,40.606,8.904,39.414,8.155
83,1,1,40.533,8.905,39.341,8.155
84,1,1,40.479,8.905,39.286,8.155
85,1,1,40.442,8.905,39.250,8.156
86,1,1,40.388,8.905,39.196,8.156
87,1,1,40.334,8.905,39.141,8.156
88,1,1,40.297,8.905,39.105,8.156
89,1,1,40.261,8.906,39.069,8.156
90,1,1,40.225,8.906,39.032,8.156
91,1,1,40.189,8.924,38.996,8.175
92,1,1,40.152,8.942,38.960,8.193
93,1,1,40.098,8.979,38.906,8.229
94,1,1,40.044,8.997,38.851,8.248
95,1,1,39.971,9.016,38.779,8.266
96,1,1,39.917,9.016,38.724,8.266
97,1,1,39.881,9.016,38.688,8.267
98,1,1,39.826,9.016,38.633,8.267
99,1,1,39.754,9.017,38.561,8.267
100,1,1,39.717,8.999,38.524,8.249
101,1,1,39.663,8.999,38.470,8.249
102,1,1,39.608,8.999,38.415,8.249
103,1,1,39.572,8.999,38.379,8.249
104,1,1,39.518,9.000,38.324,8.250
105,1,1,39.481,9.000,38.288,8.250
106,1,1,39.445,8.982,38.252,8.232
107,1,1,39.408,8.945,38.215,8.196
108,1,1,39.372,8.909,38.179,8.159
109,1,1,39.317,8.891,38.124,8.141
110,1,1,39.263,8.873,38.069,8.123
111,1,1,39.190,8.874,37.997,8.124
112,1,1,39.136,8.892,37.942,8.142
113,1,1,39.099,8.892,37.906,8.142
114,1,1,39.045,8.892,37.851,8.142
115,1,1,38.990,8.893,37.797,8.142
116,1,1,38.936,8.893,37.742,8.143
117,1,1,38.882,8.911,37.688,8.161
118,1,1,38.845,8.911,37.651,8.161
119,1,1,38.791,8.930,37.597,8.180
120,1,1,38.736,8.930,37.542,8.180
121,1,1,38.700,8.930,37.506,8.180
122,1,1,38.664,8.948,37.470,8.198
123,1,1,38.627,8.967,37.433,8.217
124,1,1,38.591,8.985,37.397,8.235
125,1,1,38.537,9.004,37.342,8.253
126,1,1,38.464,9.040,37.270,8.290
127,1,1,38.410,9.059,37.215,8.308
128,1,1,38.355,9.059,37.161,8.308
129,1,1,38.319,9.077,37.124,8.327
130,1,1,38.264,9.077,37.070,8.327
131,1,1,38.210,9.096,37.015,8.345
132,1,1,38.155,9.096,36.961,8.346
133,1,1,38.119,9.096,36.924,8.346
134,1,1,38.064,9.096,36.869,8.346
135,1,1,38.010,9.097,36.815,8.346
136,1,1,37.973,9.097,36.778,8.346
137,1,1,37.919,9.097,36.724,8.346
138,1,1,37.882,9.097,36.687,8.347
139,1,1,37.846,9.061,36.651,8.310
140,1,1,37.809,9.025,36.614,8.274
141,1,1,37.755,8.988,36.560,8.238
142,1,1,37.700,8.971,36.505,8.220
143,1,1,37.645,8.953,36.450,8.202
144,1,1,37.609,8.953,36.414,8.202
145,1,1,37.554,8.953,36.359,8.202
146,1,1,37.500,8.953,36.304,8.202
147,1,1,37.445,8.953,36.250,8.203
148,1,1,37.391,8.954,36.195,8.203
149,1,1,37.336,8.954,36.140,8.203
150,1,1,37.300,8.954,36.104,8.203
151,1,1,37.245,8.954,36.049,8.203
152,1,1,37.209,8.954,36.013,8.203
153,1,1,37.155,9.118,35.968,8.340
154,1,1,37.154,9.100,35.968,8.349
155,1,1,37.109,9.100,35.922,8.349
156,1,1,37.082,9.100,35.895,8.349
157,1,1,37.018,9.119,35.831,8.368
158,1,1,36.954,9.137,35.767,8.386
159,1,1,36.891,9.138,35.704,8.387
160,1,1,36.863,9.120,35.676,8.368
161,1,1,36.818,9.120,35.631,8.369
162,1,1,36.790,9.120,35.603,8.369
163,1,1,36.727,9.120,35.539,8.369
164,1,1,36.681,9.120,35.494,8.369
165,1,1,36.617,9.121,35.430,8.369
166,1,1,36.572,9.103,35.384,8.351
167,1,1,36.526,9.103,35.339,8.352
168,1,1,36.480,9.103,35.293,8.352
169,1,1,36.435,9.103,35.247,8.352
170,1,1,36.389,9.085,35.202,8.334
171,1,1,36.344,9.085,35.156,8.334
172,1,1,36.316,9.067,35.129,8.316
173,1,1,36.271,9.049,35.083,8.298
174,1,1,36.225,9.031,35.037,8.280
175,1,1,36.161,9.031,34.974,8.280
176,1,1,36.116,9.032,34.928,8.280
177,1,1,36.070,9.032,34.882,8.280
178,1,1,36.025,9.032,34.837,8.280
179,1,1,35.961,9.032,34.773,8.281
180,1,1,35.915,9.032,34.727,8.281
181,1,1,35.870,9.033,34.682,8.281
182,1,1,35.824,9.015,34.636,8.263
183,1,1,35.760,9.015,34.572,8.263
184,1,1,35.714,9.015,34.526,8.263
185,1,1,35.669,8.997,34.481,8.245
186,1,1,35.623,8.997,34.435,8.245
187,1,1,35.559,8.997,34.371,8.246
188,1,1,35.514,8.998,34.325,8.246
189,1,1,35.404,8.870,34.289,8.164
190,1,1,35.431,8.889,34.252,8.146
191,1,1,35.395,8.880,34.216,8.137
192,1,1,35.358,8.889,34.179,8.146
193,1,1,35.304,8.880,34.124,8.137
194,1,1,35.267,8.889,34.088,8.147
195,1,1,35.212,8.880,34.033,8.138
196,1,1,35.158,8.890,33.978,8.147
197,1,1,35.121,8.881,33.942,8.138
198,1,1,35.066,8.890,33.887,8.147
199,1,1,35.030,8.881,33.850,8.138
200,1,1,34.975,8.890,33.795,8.148
201,1,1,34.920,8.882,33.741,8.139
202,1,1,34.884,8.891,33.704,8.148
203,1,1,34.829,8.882,33.649,8.139
204,1,1,34.756,8.910,33.576,8.167
205,1,1,34.701,8.919,33.521,8.176
0,2,1,42.857,9.848,41.929,9.044
1,2,1,42.885,9.875,41.911,9.035
2,2,1,42.839,9.857,41.865,9.017
3,2,1,42.812,9.876,41.838,9.035
4,2,1,42.776,9.885,41.802,9.045
5,2,1,42.740,9.885,41.766,9.045
6,2,1,42.686,9.885,41.712,9.045
7,2,1,42.649,9.894,41.676,9.054
8,2,1,42.622,9.849,41.648,9.009
9,2,1,42.559,9.877,41.585,9.036
10,2,1,42.505,9.868,41.530,9.028
11,2,1,42.585,9.704,41.611,8.864
12,2,1,42.351,9.869,41.277,9.020
13,2,1,42.342,9.860,41.295,9.020
14,2,1,42.270,9.960,41.223,9.120
15,2,1,42.269,9.860,41.222,9.020
16,2,1,42.233,9.860,41.186,9.020
17,2,1,42.215,9.833,41.168,8.993
18,2,1,42.161,9.860,41.114,9.020
19,2,1,42.106,9.861,41.059,9.020
20,2,1,42.052,9.870,41.005,9.030
21,2,1,42.016,9.861,40.969,9.021
22,2,1,41.979,9.861,40.933,9.021
23,2,1,41.925,9.861,40.878,9.021
24,2,1,41.871,9.862,40.824,9.021
25,2,1,41.835,9.880,40.788,9.040
26,2,1,41.798,9.862,40.751,9.022
27,2,1,41.762,9.880,40.715,9.040
28,2,1,41.726,9.862,40.679,9.022
29,2,1,41.690,9.881,40.643,9.040
30,2,1,41.654,9.881,40.606,9.040
31,2,1,41.617,9.881,40.570,9.041
32,2,1,41.581,9.881,40.534,9.041
33,2,1,41.527,9.863,40.479,9.023
34,2,1,41.472,9.882,40.425,9.041
35,2,1,41.436,9.864,40.389,9.023
36,2,1,41.400,9.864,40.352,9.023
37,2,1,41.345,9.864,40.298,9.024
38,2,1,41.291,9.864,40.244,9.024
39,2,1,41.255,9.846,40.207,9.006
40,2,1,41.200,9.828,40.153,8.988
41,2,1,41.146,9.829,40.098,8.988
42,2,1,41.110,9.829,40.062,8.988
43,2,1,41.073,9.811,40.026,8.970
44,2,1,41.037,9.793,39.989,8.952
45,2,1,41.001,9.811,39.953,8.970
46,2,1,40.964,9.793,39.917,8.952
47,2,1,40.910,9.812,39.862,8.971
48,2,1,40.856,9.812,39.808,8.971
49,2,1,40.819,9.812,39.772,8.971
50,2,1,40.765,9.812,39.717,8.971
51,2,1,40.692,9.813,39.645,8.972
52,2,1,40.656,9.813,39.608,8.972
53,2,1,40.620,9.831,39.572,8.990
54,2,1,40.566,9.850,39.518,9.009
55,2,1,40.547,9.831,39.499,8.990
56,2,1,40.475,9.850,39.427,9.009
57,2,1,40.439,9.850,39.391,9.009
58,2,1,40.384,9.850,39.336,9.009
59,2,1,40.348,9.851,39.300,9.009
60,2,1,40.312,9.851,39.263,9.010
61,2,1,40.275,9.851,39.227,9.010
62,2,1,40.239,9.851,39.191,9.010
63,2,1,40.185,9.851,39.136,9.010
64,2,1,40.130,9.852,39.082,9.010
65,2,1,40.094,9.852,39.046,9.011
66,2,1,40.039,9.852,38.991,9.011
67,2,1,39.985,9.834,38.936,8.993
68,2,1,39.949,9.852,38.900,9.011
69,2,1,39.912,9.834,38.864,8.993
70,2,1,39.858,9.853,38.809,9.011
71,2,1,39.803,9.835,38.755,8.994
72,2,1,39.767,9.835,38.718,8.994
73,2,1,39.713,9.835,38.664,8.994
74,2,1,39.658,9.836,38.609,8.994
75,2,1,39.622,9.836,38.573,8.994
76,2,1,39.585,9.836,38.537,8.994
77,2,1,39.531,9.836,38.482,8.995
78,2,1,39.476,9.836,38.428,8.995
79,2,1,39.440,9.837,38.391,8.995
80,2,1,39.386,9.855,38.337,9.013
81,2,1,39.331,9.837,38.282,8.995
82,2,1,39.295,9.855,38.246,9.014
83,2,1,39.259,9.856,38.210,9.014
84,2,1,39.204,9.856,38.155,9.014
85,2,1,39.150,9.856,38.100,9.014
86,2,1,39.113,9.856,38.064,9.015
87,2,1,39.077,9.875,38.028,9.033
88,2,1,39.023,9.893,37.973,9.051
89,2,1,38.968,9.893,37.919,9.052
90,2,1,38.932,9.893,37.882,9.052
91,2,1,38.877,9.894,37.828,9.052
92,2,1,38.823,9.894,37.773,9.052
93,2,1,38.595,9.740,37.837,9.006
94,2,1,38.722,9.794,37.709,8.970
95,2,1,38.686,9.794,37.673,8.971
96,2,1,38.631,9.813,37.618,8.989
97,2,1,38.595,9.831,37.582,9.007
98,2,1,38.540,9.813,37.527,8.989
99,2,1,38.504,9.832,37.491,9.008
100,2,1,38.449,9.814,37.436,8.990
101,2,1,38.413,9.832,37.400,9.008
102,2,1,38.359,9.814,37.345,8.990
103,2,1,38.304,9.814,37.291,8.990
104,2,1,38.249,9.815,37.236,8.991
105,2,1,38.195,9.815,37.181,8.991
106,2,1,38.140,9.797,37.127,8.973
107,2,1,38.085,9.779,37.072,8.955
108,2,1,38.031,9.779,37.017,8.955
109,2,1,37.995,9.798,36.981,8.973
110,2,1,37.940,9.780,36.926,8.955
111,2,1,37.904,9.798,36.890,8.974
112,2,1,37.849,9.780,36.835,8.956
113,2,1,37.813,9.798,36.799,8.974
114,2,1,37.776,9.799,36.762,8.974
115,2,1,37.722,9.799,36.708,8.975
116,2,1,37.685,9.799,36.671,8.975
117,2,1,37.631,9.799,36.617,8.975
118,2,1,37.576,9.800,36.562,8.975
119,2,1,37.540,9.800,36.526,8.975
120,2,1,37.485,9.800,36.471,8.975
121,2,1,37.430,9.800,36.416,8.976
122,2,1,37.394,9.800,36.380,8.976
123,2,1,37.339,9.801,36.325,8.976
124,2,1,37.303,9.801,36.289,8.976
125,2,1,37.248,9.801,36.234,8.976
126,2,1,37.212,9.801,36.198,8.977
127,2,1,37.157,9.820,36.143,8.995
128,2,1,37.121,9.838,36.107,9.013
129,2,1,37.084,9.820,36.070,8.995
130,2,1,37.030,9.839,36.015,9.014
131,2,1,36.993,9.839,35.979,9.014
132,2,1,36.939,9.839,35.924,9.014
133,2,1,36.884,9.839,35.869,9.014
134,2,1,36.829,9.821,35.815,8.996
135,2,1,36.775,9.840,35.760,9.015
136,2,1,36.720,9.822,35.705,8.997
137,2,1,36.665,9.822,35.651,8.997
138,2,1,36.610,9.822,35.596,8.997
139,2,1,36.556,9.822,35.541,8.997
140,2,1,36.519,9.823,35.505,8.998
141,2,1,36.465,9.823,35.450,8.998
142,2,1,36.428,9.823,35.413,8.998
143,2,1,36.191,9.751,35.222,8.971
144,2,1,36.218,9.769,35.213,8.953
145,2,1,36.173,9.779,35.167,8.963
146,2,1,36.127,9.770,35.121,8.954
147,2,1,36.082,9.779,35.076,8.963
148,2,1,36.018,9.770,35.012,8.954
149,2,1,35.990,9.779,34.984,8.963
150,2,1,35.945,9.789,34.939,8.973
151,2,1,35.899,9.816,34.893,9.000
152,2,1,35.835,9.826,34.829,9.009
153,2,1,35.790,9.835,34.784,9.019
154,2,1,35.744,9.844,34.738,9.028
155,2,1,35.717,9.854,34.711,9.037
156,2,1,35.689,9.845,34.683,9.028
157,2,1,35.662,9.854,34.656,9.038
158,2,1,35.617,9.863,34.610,9.047
159,2,1,35.571,9.873,34.565,9.056
160,2,1,35.525,9.864,34.519,9.047
161,2,1,35.480,9.873,34.473,9.057
162,2,1,35.434,9.864,34.428,9.048
163,2,1,35.388,9.873,34.382,9.057
164,2,1,35.324,9.865,34.318,9.048
165,2,1,35.279,9.856,34.272,9.039
166,2,1,35.215,9.829,34.208,9.012
167,2,1,35.169,9.801,34.163,8.985
168,2,1,35.105,9.774,34.099,8.958
169,2,1,35.059,9.765,34.053,8.949
170,2,1,34.996,9.757,33.989,8.940
171,2,1,34.886,9.784,34.108,8.921
172,2,1,34.986,9.757,33.998,8.940
173,2,1,34.813,9.739,33.907,8.922
174,2,1,34.813,9.757,33.843,8.968
175,2,1,34.813,9.767,33.843,8.959
176,2,1,34.794,9.712,33.824,8.986
177,2,1,34.840,9.766,33.843,8.968
178,2,1,34.822,9.776,33.833,8.968
179,2,1,34.813,9.767,33.843,8.968
180,2,1,34.612,9.777,33.779,8.959
181,2,1,34.603,9.749,33.770,8.986
182,2,1,34.658,9.758,33.706,8.968
183,2,1,34.612,9.758,33.660,8.969
184,2,1,34.292,9.769,33.504,8.988
185,2,1,34.374,9.769,33.431,8.988
186,2,1,34.338,9.760,33.395,8.979
187,2,1,34.301,9.769,33.358,8.988
188,2,1,34.073,9.825,33.202,8.952
189,2,1,34.128,9.861,33.193,8.980
190,2,1,34.109,9.806,33.157,9.025
191,2,1,34.100,9.815,33.148,9.035
192,2,1,34.036,9.807,33.157,9.016
193,2,1,34.000,9.798,33.120,9.016
194,2,1,34.018,9.788,33.102,9.007
195,2,1,33.972,9.779,33.056,8.998
196,2,1,33.908,9.789,32.992,9.008
197,2,1,33.862,9.780,32.946,8.999
198,2,1,33.798,9.771,32.882,8.990
199,2,1,33.753,9.762,32.837,8.981
200,2,1,33.707,9.753,32.791,8.972
201,2,1,33.661,9.763,32.745,8.981
202,2,1,33.615,9.772,32.699,8.991
203,2,1,33.451,9.846,32.525,8.909
204,2,1,33.405,9.819,32.498,8.928
205,2,1,33.405,9.764,32.498,8.982
0,3,1,42.873,10.866,41.827,10.116
1,3,1,42.901,10.893,41.809,10.107
2,3,1,42.846,10.875,41.755,10.089
3,3,1,42.810,10.875,41.718,10.090
4,3,1,42.765,10.884,41.673,10.099
5,3,1,42.720,10.866,41.628,10.081
6,3,1,42.674,10.885,41.582,10.099
7,3,1,42.629,10.876,41.537,10.090
8,3,1,42.611,10.903,41.519,10.118
9,3,1,42.557,10.895,41.465,10.109
10,3,1,42.530,10.904,41.438,10.118
11,3,1,42.521,10.886,41.428,10.100
12,3,1,42.439,10.904,41.347,10.119
13,3,1,42.394,10.895,41.302,10.110
14,3,1,42.339,10.896,41.247,10.110
15,3,1,42.321,10.878,41.229,10.092
16,3,1,42.276,10.887,41.184,10.101
17,3,1,42.240,10.869,41.147,10.083
18,3,1,42.185,10.887,41.093,10.102
19,3,1,42.140,10.851,41.048,10.066
20,3,1,42.095,10.870,41.002,10.084
21,3,1,42.031,10.861,40.939,10.075
22,3,1,41.986,10.870,40.894,10.084
23,3,1,41.941,10.852,40.848,10.066
24,3,1,41.895,10.871,40.803,10.085
25,3,1,41.850,10.853,40.757,10.067
26,3,1,41.823,10.871,40.730,10.085
27,3,1,41.778,10.862,40.685,10.076
28,3,1,41.750,10.871,40.658,10.086
29,3,1,41.705,10.854,40.612,10.068
30,3,1,41.678,10.872,40.585,10.086
31,3,1,41.633,10.854,40.540,10.068
32,3,1,41.587,10.872,40.494,10.086
33,3,1,41.542,10.882,40.449,10.096
34,3,1,41.497,10.891,40.404,10.105
35,3,1,41.451,10.882,40.358,10.096
36,3,1,41.406,10.891,40.313,10.105
37,3,1,41.343,10.874,40.250,10.088
38,3,1,41.297,10.883,40.204,10.097
39,3,1,41.252,10.883,40.159,10.097
40,3,1,41.207,10.893,40.113,10.106
41,3,1,41.161,10.884,40.068,10.097
42,3,1,41.134,10.893,40.041,10.107
43,3,1,41.089,10.875,39.995,10.089
44,3,1,41.062,10.884,39.968,10.098
45,3,1,40.998,10.885,39.905,10.098
46,3,1,40.971,10.866,39.877,10.080
47,3,1,40.907,10.867,39.814,10.080
48,3,1,40.880,10.876,39.787,10.090
49,3,1,40.835,10.858,39.741,10.072
50,3,1,40.789,10.867,39.696,10.081
51,3,1,40.726,10.868,39.632,10.081
52,3,1,40.699,10.877,39.605,10.091
53,3,1,40.635,10.868,39.541,10.082
54,3,1,40.590,10.859,39.496,10.073
55,3,1,40.544,10.851,39.450,10.064
56,3,1,40.499,10.851,39.405,10.064
57,3,1,40.453,10.851,39.360,10.064
58,3,1,40.426,10.860,39.332,10.074
59,3,1,40.381,10.851,39.287,10.065
60,3,1,40.354,10.861,39.260,10.074
61,3,1,40.308,10.843,39.214,10.056
62,3,1,40.281,10.852,39.187,10.065
63,3,1,40.236,10.852,39.142,10.065
64,3,1,40.190,10.861,39.096,10.075
65,3,1,40.145,10.862,39.051,10.075
66,3,1,40.100,10.880,39.005,10.093
67,3,1,40.036,10.862,38.942,10.076
68,3,1,40.009,10.881,38.914,10.094
69,3,1,39.945,10.872,38.851,10.085
70,3,1,39.900,10.881,38.805,10.094
71,3,1,39.854,10.863,38.760,10.076
72,3,1,39.809,10.882,38.714,10.095
73,3,1,39.763,10.864,38.669,10.077
74,3,1,39.736,10.882,38.642,10.095
75,3,1,39.691,10.873,38.596,10.086
76,3,1,39.645,10.883,38.551,10.096
77,3,1,39.600,10.865,38.505,10.078
78,3,1,39.554,10.865,38.460,10.078
79,3,1,39.509,10.847,38.414,10.060
80,3,1,39.482,10.856,38.387,10.069
81,3,1,39.418,10.847,38.323,10.060
82,3,1,39.373,10.866,38.278,10.079
83,3,1,39.327,10.857,38.232,10.070
84,3,1,39.282,10.848,38.187,10.061
85,3,1,39.218,10.839,38.123,10.052
86,3,1,39.173,10.839,38.078,10.052
87,3,1,39.127,10.831,38.032,10.043
88,3,1,39.082,10.822,37.986,10.035
89,3,1,39.036,10.822,37.941,10.035
90,3,1,39.009,10.831,37.914,10.044
91,3,1,38.963,10.813,37.868,10.026
92,3,1,38.936,10.822,37.841,10.035
93,3,1,38.891,10.814,37.795,10.026
94,3,1,38.845,10.832,37.750,10.045
95,3,1,38.800,10.823,37.704,10.036
96,3,1,38.772,10.832,37.677,10.045
97,3,1,38.709,10.815,37.613,10.027
98,3,1,38.681,10.824,37.586,10.036
99,3,1,38.618,10.815,37.522,10.028
100,3,1,38.572,10.833,37.477,10.046
101,3,1,38.527,10.825,37.431,10.037
102,3,1,38.481,10.834,37.386,10.046
103,3,1,38.418,10.816,37.322,10.029
104,3,1,38.390,10.825,37.295,10.038
105,3,1,38.345,10.816,37.249,10.029
106,3,1,38.318,10.835,37.222,10.047
107,3,1,38.254,10.826,37.158,10.038
108,3,1,38.227,10.835,37.131,10.048
109,3,1,38.181,10.817,37.085,10.030
110,3,1,38.154,10.817,37.058,10.030
111,3,1,38.090,10.809,36.994,10.021
112,3,1,38.063,10.818,36.967,10.030
113,3,1,37.799,10.801,36.921,10.067
114,3,1,37.899,10.819,36.830,10.040
115,3,1,37.862,10.810,36.793,10.031
116,3,1,37.808,10.801,36.739,10.022
117,3,1,37.753,10.810,36.684,10.032
118,3,1,37.717,10.801,36.648,10.023
119,3,1,37.662,10.811,36.593,10.032
120,3,1,37.625,10.784,36.556,10.005
121,3,1,37.589,10.793,36.520,10.014
122,3,1,37.553,10.784,36.483,10.005
123,3,1,37.498,10.793,36.429,10.014
124,3,1,37.461,10.785,36.392,10.006
125,3,1,37.425,10.794,36.356,10.015
126,3,1,37.389,10.785,36.319,10.006
127,3,1,37.334,10.794,36.265,10.015
128,3,1,37.297,10.785,36.228,10.006
129,3,1,37.243,10.795,36.174,10.016
130,3,1,37.206,10.804,36.137,10.025
131,3,1,37.152,10.813,36.082,10.034
132,3,1,37.097,10.805,36.028,10.025
133,3,1,37.061,10.814,35.991,10.035
134,3,1,37.006,10.805,35.936,10.026
135,3,1,36.969,10.814,35.900,10.035
136,3,1,36.915,10.806,35.845,10.026
137,3,1,36.878,10.815,35.809,10.036
138,3,1,36.842,10.806,35.772,10.027
139,3,1,36.805,10.815,35.736,10.036
140,3,1,36.751,10.806,35.681,10.027
141,3,1,36.714,10.816,35.644,10.036
142,3,1,36.659,10.780,35.909,10.053
143,3,1,36.605,10.771,35.800,10.063
144,3,1,36.705,10.798,35.699,10.036
145,3,1,36.659,10.789,35.654,10.027
146,3,1,36.614,10.780,35.608,10.018
147,3,1,36.568,10.789,35.562,10.028
148,3,1,36.523,10.780,35.517,10.019
149,3,1,36.477,10.790,35.471,10.028
150,3,1,36.431,10.781,35.425,10.019
151,3,1,36.386,10.790,35.380,10.029
152,3,1,36.340,10.781,35.334,10.020
153,3,1,36.295,10.772,35.288,10.011
154,3,1,36.249,10.763,35.243,10.002
155,3,1,36.203,10.773,35.197,10.011
156,3,1,36.176,10.764,35.170,10.002
157,3,1,36.130,10.773,35.124,10.011
158,3,1,36.103,10.764,35.097,10.002
159,3,1,35.820,10.647,35.023,9.985
160,3,1,35.920,10.692,34.932,9.939
161,3,1,35.875,10.692,34.886,9.940
162,3,1,35.829,10.693,34.841,9.940
163,3,1,35.783,10.693,34.795,9.940
164,3,1,35.738,10.693,34.749,9.940
165,3,1,35.692,10.712,34.704,9.959
166,3,1,35.646,10.712,34.658,9.959
167,3,1,35.601,10.712,34.612,9.959
168,3,1,35.555,10.730,34.567,9.978
169,3,1,35.509,10.731,34.521,9.978
170,3,1,35.464,10.731,34.475,9.978
171,3,1,35.364,10.823,34.558,10.087
172,3,1,35.446,10.822,34.476,10.078
173,3,1,35.318,10.796,34.485,10.088
174,3,1,35.190,10.796,34.384,10.106
175,3,1,35.263,10.814,34.311,10.088
176,3,1,35.217,10.824,34.265,10.098
177,3,1,35.172,10.833,34.220,10.107
178,3,1,35.126,10.824,34.174,10.098
179,3,1,35.080,10.833,34.128,10.107
180,3,1,35.035,10.824,34.082,10.099
181,3,1,34.898,10.825,33.854,10.145
182,3,1,34.861,10.844,33.909,10.127
183,3,1,34.815,10.844,33.863,10.127
184,3,1,34.770,10.844,33.817,10.127
185,3,1,34.724,10.844,33.772,10.127
186,3,1,34.678,10.845,33.726,10.128
187,3,1,34.651,10.826,33.698,10.110
188,3,1,34.605,10.845,33.653,10.128
189,3,1,34.559,10.845,33.607,10.128
190,3,1,34.514,10.845,33.561,10.128
191,3,1,34.486,10.864,33.534,10.147
192,3,1,34.422,10.864,33.470,10.147
193,3,1,34.395,10.864,33.442,10.147
194,3,1,34.349,10.865,33.396,10.147
195,3,1,34.304,10.883,33.351,10.166
196,3,1,34.258,10.883,33.305,10.166
197,3,1,34.212,10.884,33.259,10.166
198,3,1,34.166,10.902,33.213,10.185
199,3,1,34.139,10.902,33.186,10.185
200,3,1,34.075,10.903,33.122,10.185
201,3,1,34.047,10.921,33.094,10.204
202,3,1,33.983,10.921,33.030,10.204
203,3,1,33.956,10.921,33.003,10.204
204,3,1,33.910,10.922,32.957,10.204
205,3,1,33.846,10.986,33.085,10.076
0,4,1,42.562,11.650,41.633,10.999
1,4,1,42.589,11.668,41.615,10.990
2,4,1,42.544,11.668,41.570,10.991
3,4,1,42.499,11.668,41.525,10.991
4,4,1,42.444,11.668,41.470,10.991
5,4,1,42.408,11.669,41.434,10.991
6,4,1,42.354,11.669,41.380,10.992
7,4,1,42.281,11.669,41.307,10.992
8,4,1,42.227,11.670,41.253,10.992
9,4,1,42.173,11.670,41.198,10.993
10,4,1,42.100,11.670,41.126,10.993
11,4,1,42.046,11.671,41.071,10.993
12,4,1,41.964,11.671,40.917,10.976
13,4,1,41.955,11.662,40.926,10.976
14,4,1,41.882,11.663,40.853,10.976
15,4,1,41.882,11.644,40.853,10.958
16,4,1,41.846,11.654,40.817,10.967
17,4,1,41.810,11.645,40.781,10.959
18,4,1,41.755,11.636,40.726,10.950
19,4,1,41.701,11.627,40.672,10.941
20,4,1,41.647,11.637,40.617,10.950
21,4,1,41.592,11.628,40.563,10.941
22,4,1,41.538,11.619,40.508,10.933
23,4,1,41.483,11.610,40.454,10.924
24,4,1,41.429,11.601,40.399,10.915
25,4,1,41.374,11.593,40.345,10.906
26,4,1,41.320,11.602,40.290,10.916
27,4,1,41.265,11.575,40.236,10.889
28,4,1,41.211,11.584,40.181,10.898
29,4,1,41.175,11.576,40.145,10.889
30,4,1,41.120,11.567,40.090,10.880
31,4,1,41.084,11.576,40.054,10.889
32,4,1,41.048,11.585,40.018,10.899
33,4,1,41.011,11.576,39.982,10.890
34,4,1,40.957,11.586,39.927,10.899
35,4,1,40.902,11.577,39.873,10.890
36,4,1,40.848,11.568,39.818,10.882
37,4,1,40.793,11.559,39.763,10.873
38,4,1,40.739,11.569,39.709,10.882
39,4,1,40.684,11.560,39.654,10.873
40,4,1,40.630,11.570,39.600,10.883
41,4,1,40.575,11.561,39.545,10.874
42,4,1,40.521,11.570,39.491,10.883
43,4,1,40.467,11.561,39.436,10.875
44,4,1,40.412,11.571,39.382,10.884
45,4,1,40.376,11.562,39.345,10.875
46,4,1,40.321,11.553,39.291,10.866
47,4,1,40.285,11.544,39.254,10.857
48,4,1,40.248,11.535,39.218,10.848
49,4,1,40.194,11.526,39.163,10.839
50,4,1,40.157,11.518,39.127,10.831
51,4,1,40.103,11.509,39.072,10.822
52,4,1,40.067,11.500,39.036,10.813
53,4,1,40.012,11.491,38.981,10.804
54,4,1,39.958,11.500,38.927,10.813
55,4,1,39.903,11.492,38.872,10.805
56,4,1,39.848,11.483,38.818,10.796
57,4,1,39.794,11.474,38.763,10.787
58,4,1,39.739,11.465,38.708,10.778
59,4,1,39.685,11.456,38.654,10.769
60,4,1,39.630,11.448,38.599,10.760
61,4,1,39.594,11.439,38.563,10.751
62,4,1,39.539,11.448,38.508,10.761
63,4,1,39.503,11.457,38.472,10.770
64,4,1,39.467,11.467,38.436,10.779
65,4,1,39.412,11.458,38.381,10.771
66,4,1,39.376,11.467,38.345,10.780
67,4,1,39.321,11.458,38.290,10.771
68,4,1,39.267,11.468,38.235,10.781
69,4,1,39.212,11.459,38.181,10.772
70,4,1,39.176,11.468,38.144,10.781
71,4,1,39.121,11.460,38.090,10.772
72,4,1,39.066,11.469,38.035,10.782
73,4,1,39.012,11.460,37.980,10.773
74,4,1,38.957,11.470,37.926,10.782
75,4,1,38.903,11.461,37.871,10.773
76,4,1,38.848,11.470,37.817,10.783
77,4,1,38.794,11.480,37.762,10.792
78,4,1,38.757,11.471,37.726,10.783
79,4,1,38.721,11.462,37.689,10.774
80,4,1,38.666,11.453,37.634,10.765
81,4,1,38.630,11.444,37.598,10.756
82,4,1,38.575,11.453,37.543,10.766
83,4,1,38.539,11.445,37.507,10.757
84,4,1,38.484,11.454,37.452,10.766
85,4,1,38.429,11.445,37.398,10.757
86,4,1,38.393,11.454,37.361,10.767
87,4,1,38.338,11.446,37.306,10.758
88,4,1,38.284,11.455,37.252,10.767
89,4,1,38.229,11.446,37.197,10.759
90,4,1,38.175,11.437,37.142,10.750
91,4,1,38.120,11.429,37.088,10.741
92,4,1,38.065,11.438,37.033,10.750
93,4,1,38.029,11.429,36.997,10.741
94,4,1,37.974,11.439,36.942,10.751
95,4,1,37.938,11.448,36.905,10.760
96,4,1,37.901,11.457,36.869,10.769
97,4,1,37.865,11.467,36.833,10.779
98,4,1,37.810,11.476,36.778,10.788
99,4,1,37.774,11.467,36.741,10.779
100,4,1,37.719,11.477,36.687,10.789
101,4,1,37.665,11.468,36.632,10.780
102,4,1,37.610,11.477,36.577,10.789
103,4,1,37.555,11.468,36.523,10.780
104,4,1,37.501,11.478,36.468,10.790
105,4,1,37.464,11.469,36.431,10.781
106,4,1,37.409,11.478,36.377,10.790
107,4,1,37.282,11.433,36.258,10.864
108,4,1,37.282,11.479,36.258,10.809
109,4,1,37.200,11.434,36.185,10.855
110,4,1,37.127,11.434,36.149,10.828
111,4,1,37.145,11.452,36.139,10.800
112,4,1,37.099,11.443,36.094,10.792
113,4,1,37.072,11.434,36.066,10.783
114,4,1,37.008,11.426,36.003,10.774
115,4,1,36.981,11.417,35.975,10.765
116,4,1,36.917,11.426,35.911,10.774
117,4,1,36.871,11.417,35.866,10.765
118,4,1,36.808,11.427,35.802,10.775
119,4,1,36.780,11.418,35.774,10.766
120,4,1,36.716,11.427,35.710,10.775
121,4,1,36.671,11.418,35.665,10.766
122,4,1,36.607,11.428,35.601,10.776
123,4,1,36.561,11.419,35.555,10.767
124,4,1,36.497,11.410,35.491,10.758
125,4,1,36.470,11.401,35.464,10.749
126,4,1,36.406,11.411,35.400,10.759
127,4,1,36.360,11.420,35.354,10.768
128,4,1,36.315,11.430,35.309,10.777
129,4,1,36.288,11.439,35.281,10.787
130,4,1,36.242,11.448,35.236,10.796
131,4,1,36.196,11.439,35.190,10.787
132,4,1,36.151,11.449,35.144,10.797
133,4,1,36.105,11.440,35.099,10.788
134,4,1,36.041,11.449,35.035,10.797
135,4,1,35.995,11.440,34.989,10.788
136,4,1,35.950,11.450,34.943,10.798
137,4,1,35.904,11.441,34.898,10.789
138,4,1,35.840,11.450,34.834,10.798
139,4,1,35.795,11.442,34.788,10.789
140,4,1,35.749,11.451,34.742,10.799
141,4,1,35.703,11.460,34.697,10.808
142,4,1,35.639,11.470,34.633,10.817
143,4,1,35.594,11.461,34.587,10.809
144,4,1,35.548,11.470,34.541,10.818
145,4,1,35.502,11.462,34.495,10.809
146,4,1,35.438,11.453,34.431,10.800
147,4,1,35.411,11.444,34.404,10.791
148,4,1,35.347,11.453,34.340,10.801
149,4,1,35.301,11.444,34.294,10.792
150,4,1,35.256,11.454,34.248,10.801
151,4,1,35.210,11.445,34.203,10.792
152,4,1,35.164,11.454,34.157,10.802
153,4,1,35.119,11.445,34.111,10.793
154,4,1,35.055,11.437,34.047,10.784
155,4,1,35.009,11.428,34.001,10.775
156,4,1,34.945,11.437,33.937,10.784
157,4,1,34.917,11.428,33.910,10.775
158,4,1,34.853,11.438,33.846,10.785
159,4,1,34.808,11.429,33.800,10.776
160,4,1,34.744,11.438,33.736,10.786
161,4,1,34.698,11.429,33.690,10.777
162,4,1,34.652,11.439,33.645,10.786
163,4,1,34.607,11.430,33.599,10.777
164,4,1,34.543,11.439,33.535,10.787
165,4,1,34.497,11.449,33.489,10.796
166,4,1,34.451,11.458,33.443,10.805
167,4,1,34.405,11.449,33.397,10.796
168,4,1,34.341,11.459,33.333,10.806
169,4,1,34.296,11.450,33.288,10.797
170,4,1,34.186,11.487,33.141,10.798
171,4,1,34.167,11.460,33.141,10.807
172,4,1,34.177,11.478,33.123,10.862
173,4,1,34.167,11.469,33.095,10.871
174,4,1,34.076,11.479,33.123,10.834
175,4,1,33.984,11.488,33.049,10.816
176,4,1,33.893,11.516,33.004,10.789
177,4,1,33.939,11.470,32.958,10.835
178,4,1,33.884,11.480,32.903,10.845
179,4,1,33.829,11.489,32.848,10.854
180,4,1,33.792,11.480,32.811,10.845
181,4,1,33.756,11.490,32.775,10.855
182,4,1,33.701,11.481,32.720,10.846
183,4,1,33.646,11.490,32.665,10.855
184,4,1,33.609,11.481,32.628,10.846
185,4,1,33.554,11.491,32.573,10.856
186,4,1,33.499,11.482,32.518,10.847
187,4,1,33.490,11.464,32.225,10.976
188,4,1,33.353,11.528,32.362,10.902
189,4,1,33.435,11.482,32.271,10.939
190,4,1,33.344,11.519,32.353,10.902
191,4,1,33.298,11.529,32.307,10.912
192,4,1,33.215,11.538,32.225,10.921
193,4,1,33.151,11.548,32.161,10.931
194,4,1,33.069,11.594,32.078,10.977
195,4,1,33.041,11.603,32.051,10.986
196,4,1,33.032,11.576,32.041,10.959
197,4,1,32.986,11.567,31.996,10.950
198,4,1,32.941,11.577,31.950,10.959
199,4,1,32.702,11.578,31.729,10.897
200,4,1,32.711,11.541,31.730,10.924
201,4,1,32.675,11.532,31.693,10.915
202,4,1,32.638,11.542,31.656,10.924
203,4,1,32.601,11.533,31.619,10.915
204,4,1,32.565,11.542,31.583,10.925
205,4,1,32.528,11.551,31.546,10.934
0,5,1,43.093,12.429,41.783,11.681
1,5,1,43.129,12.456,41.756,11.672
2,5,1,43.066,12.439,41.692,11.655
3,5,1,43.038,12.439,41.665,11.655
4,5,1,42.984,12.448,41.610,11.664
5,5,1,42.948,12.412,41.574,11.628
6,5,1,42.893,12.431,41.520,11.646
7,5,1,42.839,12.422,41.465,11.638
8,5,1,42.812,12.422,41.438,11.638
9,5,1,42.749,12.441,41.375,11.656
10,5,1,42.712,12.450,41.338,11.666
11,5,1,42.694,12.414,41.320,11.629
12,5,1,42.604,12.469,41.230,11.685
13,5,1,42.549,12.451,41.175,11.667
14,5,1,42.486,12.488,41.112,11.703
15,5,1,42.441,12.479,41.066,11.695
16,5,1,42.386,12.488,41.012,11.704
17,5,1,42.332,12.470,40.957,11.686
18,5,1,42.278,12.489,40.903,11.705
19,5,1,42.223,12.499,40.849,11.714
20,5,1,42.169,12.508,40.794,11.723
21,5,1,42.133,12.499,40.758,11.715
22,5,1,42.078,12.509,40.704,11.724
23,5,1,42.042,12.491,40.667,11.706
24,5,1,41.988,12.509,40.613,11.725
25,5,1,41.951,12.491,40.576,11.707
26,5,1,41.897,12.491,40.522,11.707
27,5,1,41.842,12.483,40.467,11.698
28,5,1,41.788,12.492,40.413,11.707
29,5,1,41.734,12.474,40.358,11.690
30,5,1,41.679,12.475,40.304,11.690
31,5,1,41.625,12.466,40.249,11.681
32,5,1,41.570,12.466,40.195,11.681
33,5,1,41.516,12.448,40.140,11.663
34,5,1,41.461,12.458,40.086,11.673
35,5,1,41.407,12.431,40.031,11.646
36,5,1,41.370,12.440,39.995,11.655
37,5,1,41.316,12.422,39.940,11.637
38,5,1,41.280,12.431,39.904,11.647
39,5,1,41.225,12.432,39.849,11.647
40,5,1,41.189,12.441,39.813,11.656
41,5,1,41.134,12.432,39.758,11.647
42,5,1,41.080,12.442,39.704,11.657
43,5,1,41.026,12.451,39.649,11.666
44,5,1,40.971,12.452,39.595,11.667
45,5,1,40.935,12.452,39.559,11.667
46,5,1,40.880,12.461,39.504,11.676
47,5,1,40.826,12.453,39.449,11.667
48,5,1,40.771,12.462,39.395,11.677
49,5,1,40.717,12.471,39.340,11.686
50,5,1,40.662,12.472,39.286,11.687
51,5,1,40.608,12.472,39.231,11.687
52,5,1,40.553,12.482,39.177,11.696
53,5,1,40.517,12.473,39.140,11.687
54,5,1,40.463,12.482,39.086,11.697
55,5,1,40.426,12.464,39.049,11.679
56,5,1,40.372,12.474,38.995,11.688
57,5,1,40.335,12.474,38.958,11.688
58,5,1,40.281,12.483,38.904,11.698
59,5,1,40.226,12.475,38.849,11.689
60,5,1,40.172,12.484,38.795,11.699
61,5,1,40.117,12.466,38.740,11.681
62,5,1,40.063,12.476,38.685,11.690
63,5,1,40.008,12.476,38.631,11.690
64,5,1,39.954,12.458,38.576,11.672
65,5,1,39.899,12.458,38.522,11.673
66,5,1,39.826,12.468,38.449,11.682
67,5,1,39.772,12.450,38.394,11.664
68,5,1,39.735,12.459,38.358,11.674
69,5,1,39.681,12.460,38.303,11.674
70,5,1,39.644,12.469,38.267,11.683
71,5,1,39.608,12.469,38.230,11.684
72,5,1,39.554,12.488,38.176,11.702
73,5,1,39.499,12.488,38.121,11.702
74,5,1,39.445,12.507,38.066,11.721
75,5,1,39.390,12.498,38.012,11.712
76,5,1,39.335,12.526,37.957,11.740
77,5,1,39.299,12.508,37.921,11.722
78,5,1,39.245,12.526,37.866,11.740
79,5,1,39.190,12.527,37.811,11.741
80,5,1,39.117,12.545,37.739,11.759
81,5,1,39.063,12.555,37.684,11.769
82,5,1,39.008,12.564,37.629,11.778
83,5,1,38.953,12.555,37.575,11.769
84,5,1,38.899,12.565,37.520,11.779
85,5,1,38.862,12.547,37.483,11.761
86,5,1,38.808,12.556,37.429,11.770
87,5,1,38.771,12.547,37.392,11.761
88,5,1,38.717,12.566,37.338,11.780
89,5,1,38.662,12.557,37.283,11.771
90,5,1,38.608,12.567,37.228,11.781
91,5,1,38.553,12.549,37.174,11.763
92,5,1,38.498,12.558,37.119,11.772
93,5,1,38.444,12.550,37.064,11.763
94,5,1,38.389,12.541,37.009,11.754
95,5,1,38.334,12.541,36.955,11.755
96,5,1,38.280,12.551,36.900,11.764
97,5,1,38.225,12.533,36.845,11.746
98,5,1,38.170,12.542,36.790,11.756
99,5,1,38.115,12.533,36.736,11.747
100,5,1,38.061,12.525,36.681,11.738
101,5,1,38.024,12.534,36.644,11.747
102,5,1,37.970,12.543,36.590,11.757
103,5,1,37.933,12.534,36.553,11.748
104,5,1,37.879,12.553,36.499,11.767
105,5,1,37.824,12.544,36.444,11.758
106,5,1,37.769,12.554,36.389,11.767
107,5,1,37.714,12.536,36.334,11.749
108,5,1,37.660,12.545,36.279,11.759
109,5,1,37.605,12.537,36.225,11.750
110,5,1,37.550,12.555,36.170,11.768
111,5,1,37.496,12.565,36.115,11.778
112,5,1,37.441,12.574,36.060,11.787
113,5,1,37.386,12.565,36.006,11.779
114,5,1,37.332,12.575,35.951,11.788
115,5,1,37.140,12.567,36.362,11.758
116,5,1,37.395,12.556,36.088,11.769
117,5,1,37.359,12.556,36.051,11.769
118,5,1,37.304,12.557,35.996,11.769
119,5,1,37.231,12.557,35.923,11.770
120,5,1,37.176,12.539,35.869,11.752
121,5,1,37.140,12.558,35.832,11.770
122,5,1,37.085,12.540,35.777,11.752
123,5,1,37.030,12.540,35.722,11.753
124,5,1,36.994,12.540,35.686,11.753
125,5,1,36.939,12.541,35.631,11.753
126,5,1,36.866,12.523,35.558,11.735
127,5,1,36.811,12.505,35.503,11.717
128,5,1,36.775,12.505,35.467,11.718
129,5,1,36.720,12.505,35.412,11.718
130,5,1,36.647,12.506,35.339,11.718
131,5,1,36.611,12.506,35.302,11.719
132,5,1,36.556,12.507,35.247,11.719
133,5,1,36.519,12.507,35.211,11.719
134,5,1,36.483,12.507,35.174,11.719
135,5,1,36.428,12.507,35.119,11.720
136,5,1,36.355,12.508,35.046,11.720
137,5,1,36.300,12.508,34.991,11.720
138,5,1,36.264,12.508,34.955,11.721
139,5,1,36.227,12.509,34.918,11.721
140,5,1,36.172,12.509,34.863,11.721
141,5,1,36.099,12.509,34.790,11.722
142,5,1,36.044,12.510,34.735,11.722
143,5,1,36.008,12.510,34.699,11.722
144,5,1,35.953,12.510,34.644,11.722
145,5,1,35.880,12.511,34.571,11.723
146,5,1,35.825,12.511,34.516,11.723
147,5,1,35.789,12.511,34.479,11.723
148,5,1,35.734,12.512,34.424,11.724
149,5,1,35.679,12.512,34.369,11.724
150,5,1,35.642,12.512,34.333,11.724
151,5,1,35.587,12.494,34.278,11.706
152,5,1,35.533,12.476,34.223,11.688
153,5,1,35.496,12.495,34.186,11.707
154,5,1,35.459,12.477,34.150,11.689
155,5,1,35.405,12.477,34.095,11.689
156,5,1,35.331,12.478,34.021,11.689
157,5,1,35.277,12.478,33.967,11.690
158,5,1,35.240,12.460,33.930,11.672
159,5,1,35.185,12.442,33.875,11.654
160,5,1,35.112,12.442,33.802,11.654
161,5,1,35.057,12.443,33.747,11.654
162,5,1,35.020,12.443,33.710,11.655
163,5,1,34.966,12.443,33.655,11.655
164,5,1,34.911,12.444,33.600,11.655
165,5,1,34.874,12.444,33.564,11.655
166,5,1,34.819,12.444,33.509,11.656
167,5,1,34.764,12.444,33.454,11.656
168,5,1,34.728,12.445,33.417,11.656
169,5,1,34.673,12.445,33.362,11.656
170,5,1,34.618,12.445,33.307,11.657
171,5,1,34.581,12.446,33.271,11.657
172,5,1,34.526,12.464,33.216,11.676
173,5,1,34.453,12.446,33.142,11.658
174,5,1,34.398,12.465,33.087,11.676
175,5,1,34.362,12.465,33.051,11.677
176,5,1,34.307,12.466,32.996,11.677
177,5,1,34.234,12.466,32.922,11.677
178,5,1,34.179,12.466,32.867,11.678
179,5,1,34.142,12.467,32.831,11.678
180,5,1,34.105,12.467,32.794,11.678
181,5,1,34.050,12.467,32.739,11.678
182,5,1,33.996,12.468,32.684,11.679
183,5,1,33.959,12.468,32.647,11.679
184,5,1,33.904,12.468,32.592,11.679
185,5,1,33.849,12.468,32.537,11.680
186,5,1,33.812,12.469,32.501,11.680
187,5,1,33.757,12.469,32.446,11.680
188,5,1,33.684,12.469,32.372,11.680
189,5,1,33.629,12.470,32.317,11.681
190,5,1,33.574,12.452,32.262,11.663
191,5,1,33.501,12.471,32.189,11.682
192,5,1,33.446,12.453,32.134,11.663
193,5,1,33.409,12.471,32.097,11.682
194,5,1,33.373,12.453,32.060,11.664
195,5,1,33.318,12.472,32.005,11.683
196,5,1,33.263,12.454,31.950,11.665
197,5,1,33.226,12.472,31.914,11.683
198,5,1,33.171,12.454,31.858,11.665
199,5,1,33.116,12.473,31.803,11.684
200,5,1,33.098,12.473,31.785,11.684
201,5,1,33.024,12.474,31.712,11.684
202,5,1,32.969,12.474,31.657,11.685
203,5,1,32.933,12.474,31.620,11.685
204,5,1,32.896,12.474,31.583,11.685
205,5,1,32.841,12.475,31.528,11.685
0,6,1,44.308,12.749,43.253,12.119
1,6,1,44.335,12.767,43.235,12.110
2,6,1,44.290,12.768,43.190,12.110
3,6,1,44.263,12.768,43.163,12.110
4,6,1,44.208,12.768,43.109,12.111
5,6,1,44.172,12.769,43.072,12.111
6,6,1,44.072,12.678,42.954,12.075
7,6,1,44.072,12.687,42.963,12.075
8,6,1,43.937,12.706,42.864,12.103
9,6,1,43.918,12.697,42.864,12.094
10,6,1,43.846,12.680,42.692,12.077
11,6,1,43.846,12.707,42.719,12.086
12,6,1,43.846,12.698,42.701,12.077
13,6,1,43.783,12.698,42.683,12.077
14,6,1,43.683,12.681,42.610,12.077
15,6,1,43.683,12.708,42.592,12.077
16,6,1,43.629,12.708,42.574,12.050
17,6,1,43.674,12.699,42.547,12.123
18,6,1,43.647,12.708,42.574,12.114
19,6,1,43.602,12.699,42.529,12.105
20,6,1,43.511,12.691,42.438,12.096
21,6,1,43.511,12.682,42.438,12.087
22,6,1,43.466,12.673,42.393,12.078
23,6,1,43.457,12.664,42.384,12.069
24,6,1,43.357,12.655,42.284,12.061
25,6,1,43.312,12.647,42.239,12.052
26,6,1,43.257,12.647,42.184,12.052
27,6,1,43.221,12.647,42.148,12.053
28,6,1,43.158,12.657,42.084,12.062
29,6,1,43.112,12.639,42.039,12.044
30,6,1,43.067,12.639,41.994,12.044
31,6,1,43.040,12.630,41.966,12.035
32,6,1,42.994,12.621,41.921,12.027
33,6,1,42.967,12.612,41.894,12.018
34,6,1,42.922,12.622,41.849,12.027
35,6,1,42.895,12.613,41.821,12.018
36,6,1,42.850,12.622,41.776,12.027
37,6,1,42.822,12.631,41.749,12.037
38,6,1,42.759,12.641,41.685,12.046
39,6,1,42.732,12.632,41.658,12.037
40,6,1,42.668,12.623,41.595,12.029
41,6,1,42.623,12.596,41.549,12.002
42,6,1,42.559,12.606,41.486,12.011
43,6,1,42.514,12.579,41.440,11.984
44,6,1,42.469,12.588,41.395,11.993
45,6,1,42.423,12.561,41.349,11.966
46,6,1,42.360,12.552,41.286,11.958
47,6,1,42.205,12.535,41.149,11.876
48,6,1,42.214,12.508,41.149,11.904
49,6,1,42.178,12.508,41.113,11.904
50,6,1,42.142,12.508,41.077,11.904
51,6,1,42.105,12.490,41.040,11.886
52,6,1,42.087,12.490,41.022,11.886
53,6,1,41.897,12.482,41.032,11.932
54,6,1,41.988,12.500,40.941,11.905
55,6,1,41.852,12.492,40.986,11.941
56,6,1,41.933,12.509,40.904,11.923
57,6,1,41.897,12.491,40.868,11.905
58,6,1,41.842,12.474,40.813,11.887
59,6,1,41.788,12.456,40.759,11.869
60,6,1,41.752,12.456,40.723,11.870
61,6,1,41.697,12.438,40.668,11.852
62,6,1,41.642,12.420,40.613,11.834
63,6,1,41.606,12.402,40.577,11.816
64,6,1,41.552,12.402,40.522,11.816
65,6,1,41.497,12.385,40.468,11.798
66,6,1,41.352,12.322,40.450,11.789
67,6,1,41.315,12.285,40.450,11.789
68,6,1,41.388,12.321,40.377,11.753
69,6,1,41.233,12.249,40.331,11.708
70,6,1,41.242,12.240,40.304,11.708
71,6,1,41.215,12.240,40.286,11.708
72,6,1,41.160,12.213,40.240,11.736
73,6,1,41.115,12.268,40.168,11.736
74,6,1,41.106,12.250,40.077,11.755
75,6,1,40.988,12.233,39.913,11.701
76,6,1,40.942,12.224,39.977,11.701
77,6,1,40.897,12.215,39.931,11.692
78,6,1,40.833,12.197,39.868,11.674
79,6,1,40.797,12.188,39.831,11.665
80,6,1,40.743,12.189,39.777,11.666
81,6,1,40.697,12.189,39.731,11.666
82,6,1,40.634,12.180,39.668,11.657
83,6,1,40.588,12.171,39.622,11.648
84,6,1,40.524,12.172,39.558,11.649
85,6,1,40.488,12.172,39.522,11.649
86,6,1,40.452,12.172,39.486,11.649
87,6,1,40.425,12.209,39.549,11.603
88,6,1,40.407,12.209,39.513,11.576
89,6,1,40.434,12.154,39.486,11.631
90,6,1,40.261,12.201,39.431,11.622
91,6,1,40.315,12.164,39.377,11.640
92,6,1,40.270,12.155,39.331,11.632
93,6,1,40.234,12.164,39.295,11.641
94,6,1,40.188,12.146,39.249,11.623
95,6,1,40.134,12.138,39.195,11.614
96,6,1,40.088,12.138,39.149,11.614
97,6,1,40.043,12.138,39.104,11.615
98,6,1,39.988,12.129,39.049,11.606
99,6,1,39.943,12.111,39.003,11.588
100,6,1,39.888,12.103,38.949,11.579
101,6,1,39.834,12.103,38.894,11.579
102,6,1,39.788,12.094,38.849,11.571
103,6,1,39.743,12.085,38.803,11.562
104,6,1,39.597,12.068,38.812,11.589
105,6,1,39.670,12.086,38.739,11.571
106,6,1,39.633,12.086,38.703,11.571
107,6,1,39.433,12.078,38.694,11.562
108,6,1,39.524,12.068,38.603,11.554
109,6,1,39.406,12.142,38.603,11.554
110,6,1,39.315,12.097,38.512,11.527
111,6,1,39.270,12.070,38.457,11.518
112,6,1,39.215,12.079,38.302,11.546
113,6,1,39.151,12.043,38.248,11.537
114,6,1,39.097,12.071,38.148,11.538
115,6,1,39.060,12.089,38.093,11.557
116,6,1,39.024,12.071,38.130,11.565
117,6,1,38.969,12.072,38.075,11.566
118,6,1,38.915,12.063,38.020,11.557
119,6,1,38.869,12.072,37.975,11.566
120,6,1,38.824,12.063,37.929,11.557
121,6,1,38.769,12.073,37.875,11.567
122,6,1,38.733,12.064,37.838,11.558
123,6,1,38.687,12.064,37.792,11.558
124,6,1,38.660,12.064,37.765,11.558
125,6,1,38.614,12.055,37.720,11.550
126,6,1,38.578,12.047,37.683,11.541
128,6,1,38.569,12.037,37.674,11.532
129,6,1,38.523,12.029,37.628,11.523
130,6,1,38.487,12.038,37.592,11.532
131,6,1,38.441,12.020,37.546,11.514
132,6,1,38.386,12.020,37.492,11.514
133,6,1,38.332,12.011,37.437,11.505
134,6,1,38.286,12.021,37.391,11.515
135,6,1,38.241,12.003,37.346,11.497
136,6,1,38.186,11.994,37.291,11.488
137,6,1,38.131,11.994,37.236,11.488
138,6,1,38.086,11.986,37.191,11.479
139,6,1,38.049,11.968,37.154,11.461
140,6,1,38.013,11.959,37.118,11.452
141,6,1,37.976,11.959,37.081,11.453
142,6,1,37.931,11.950,37.036,11.444
143,6,1,37.885,11.941,36.990,11.435
144,6,1,37.858,11.932,36.963,11.426
146,6,1,37.848,11.850,36.953,11.344
147,6,1,37.803,11.832,36.907,11.326
148,6,1,37.757,11.823,36.862,11.317
149,6,1,37.721,11.805,36.825,11.299
150,6,1,37.666,11.787,36.771,11.281
151,6,1,37.620,11.778,36.725,11.272
152,6,1,37.566,11.779,36.670,11.272
153,6,1,37.511,11.770,36.615,11.264
154,6,1,37.465,11.752,36.570,11.246
155,6,1,37.420,11.743,36.524,11.237
156,6,1,37.365,11.734,36.469,11.228
157,6,1,37.319,11.716,36.424,11.210
158,6,1,37.283,11.707,36.387,11.201
159,6,1,37.246,11.707,36.351,11.201
160,6,1,37.210,11.698,36.314,11.192
161,6,1,37.173,11.680,36.278,11.174
162,6,1,37.128,11.662,36.241,11.156
164,6,1,37.118,11.653,36.232,11.147
165,6,1,37.073,11.644,36.186,11.138
166,6,1,37.027,11.626,36.140,11.120
167,6,1,36.981,11.618,36.095,11.111
168,6,1,36.936,11.609,36.049,11.102
169,6,1,36.890,11.591,36.003,11.084
170,6,1,36.845,11.582,35.958,11.075
171,6,1,36.790,11.573,35.903,11.067
172,6,1,36.744,11.555,35.857,11.048
173,6,1,36.689,11.546,35.803,11.040
174,6,1,36.635,11.537,35.748,11.031
175,6,1,36.589,11.519,35.702,11.013
176,6,1,36.543,11.510,35.656,11.004
177,6,1,36.507,11.502,35.620,10.995
178,6,1,36.461,11.484,35.574,10.977
179,6,1,36.425,11.484,35.538,10.977
180,6,1,36.388,11.475,35.501,10.968
182,6,1,36.379,11.466,35.492,10.959
183,6,1,36.342,11.457,35.455,10.950
184,6,1,36.297,11.466,35.410,10.960
185,6,1,36.060,11.541,35.026,10.943
186,6,1,35.996,11.495,35.108,10.989
187,6,1,35.950,11.486,35.063,10.980
188,6,1,35.895,11.478,35.008,10.971
189,6,1,35.849,11.478,34.962,10.971
190,6,1,35.795,11.478,34.907,10.971
191,6,1,35.740,11.469,34.852,10.962
192,6,1,35.685,11.460,34.797,10.954
193,6,1,35.639,11.470,34.752,10.963
194,6,1,35.594,11.461,34.706,10.954
195,6,1,35.548,11.470,34.660,10.963
196,6,1,35.511,11.461,34.624,10.955
197,6,1,35.475,11.471,34.587,10.964
198,6,1,35.429,11.435,34.551,10.928
200,6,1,35.420,11.425,34.541,10.918
201,6,1,35.383,11.426,34.505,10.919
202,6,1,35.338,11.426,34.459,10.919
203,6,1,35.292,11.426,34.413,10.919
204,6,1,35.237,11.417,34.358,10.910
205,6,1,35.192,11.408,34.313,10.901
0,7,1,43.110,13.559,41.990,12.837
1,7,1,43.146,13.577,41.972,12.828
2,7,1,43.128,13.577,41.953,12.828
3,7,1,43.110,13.577,41.935,12.828
4,7,1,43.101,13.577,41.926,12.829
5,7,1,43.065,13.578,41.890,12.829
6,7,1,43.047,13.578,41.872,12.829
7,7,1,43.019,13.560,41.845,12.811
8,7,1,43.010,13.532,41.835,12.784
9,7,1,42.983,13.542,41.808,12.793
10,7,1,42.956,13.542,41.781,12.793
11,7,1,42.919,13.506,41.744,12.757
12,7,1,42.901,13.524,41.726,12.775
13,7,1,42.856,13.506,41.681,12.757
14,7,1,42.829,13.525,41.654,12.776
15,7,1,42.765,13.507,41.590,12.758
16,7,1,42.720,13.507,41.545,12.758
17,7,1,42.665,13.498,41.490,12.749
18,7,1,42.647,13.489,41.472,12.740
19,7,1,42.593,13.472,41.418,12.722
20,7,1,42.574,13.472,41.399,12.722
21,7,1,42.529,13.454,41.354,12.705
22,7,1,42.502,13.417,41.326,12.668
23,7,1,42.447,13.418,41.272,12.669
24,7,1,42.429,13.400,41.254,12.650
25,7,1,42.402,13.400,41.226,12.651
26,7,1,42.374,13.400,41.199,12.651
27,7,1,42.329,13.400,41.154,12.651
28,7,1,42.302,13.401,41.127,12.651
29,7,1,42.266,13.401,41.090,12.651
30,7,1,42.248,13.401,41.072,12.652
31,7,1,42.193,13.401,41.018,12.652
32,7,1,42.175,13.383,40.999,12.634
33,7,1,42.111,13.365,40.936,12.616
34,7,1,42.066,13.366,40.890,12.616
35,7,1,42.011,13.366,40.836,12.617
36,7,1,41.975,13.366,40.799,12.617
37,7,1,41.921,13.348,40.745,12.599
38,7,1,41.893,13.330,40.718,12.581
39,7,1,41.839,13.349,40.663,12.599
40,7,1,41.812,13.331,40.636,12.581
41,7,1,41.757,13.331,40.581,12.582
42,7,1,41.739,13.331,40.563,12.582
43,7,1,41.703,13.332,40.527,12.582
44,7,1,41.694,13.332,40.518,12.582
45,7,1,41.657,13.332,40.481,12.582
46,7,1,41.630,13.314,40.454,12.564
47,7,1,41.485,13.360,40.372,12.537
48,7,1,41.503,13.333,40.363,12.556
49,7,1,41.467,13.342,40.327,12.565
50,7,1,41.412,13.334,40.272,12.556
51,7,1,41.376,13.325,40.236,12.547
52,7,1,41.321,13.316,40.181,12.539
53,7,1,41.267,13.325,40.127,12.548
54,7,1,41.231,13.317,40.090,12.539
55,7,1,41.194,13.308,40.054,12.530
56,7,1,41.158,13.299,40.018,12.521
57,7,1,41.103,13.290,39.963,12.513
58,7,1,41.049,13.263,39.908,12.486
59,7,1,41.030,13.254,39.890,12.477
60,7,1,40.976,13.227,39.835,12.450
61,7,1,40.939,13.218,39.799,12.441
62,7,1,40.921,13.191,39.781,12.413
63,7,1,40.885,13.200,39.744,12.423
64,7,1,40.848,13.191,39.708,12.414
65,7,1,40.812,13.182,39.671,12.405
66,7,1,40.775,13.174,39.635,12.396
67,7,1,40.739,13.165,39.599,12.387
68,7,1,40.685,13.156,39.544,12.378
69,7,1,40.648,13.165,39.508,12.388
70,7,1,40.594,13.157,39.453,12.379
71,7,1,40.521,13.166,39.380,12.389
72,7,1,40.485,13.157,39.344,12.380
73,7,1,40.430,13.167,39.289,12.389
74,7,1,40.412,13.158,39.271,12.380
75,7,1,40.339,13.149,39.198,12.371
76,7,1,40.285,13.140,39.144,12.363
77,7,1,40.266,13.150,39.125,12.372
78,7,1,40.212,13.159,39.071,12.381
79,7,1,40.194,13.150,39.053,12.372
80,7,1,40.157,13.159,39.016,12.382
81,7,1,40.139,13.150,38.998,12.373
82,7,1,40.121,13.141,38.980,12.364
83,7,1,40.066,13.133,38.925,12.355
84,7,1,40.048,13.124,38.907,12.346
85,7,1,39.994,13.133,38.852,12.355
86,7,1,39.975,13.124,38.834,12.346
87,7,1,39.903,13.115,38.761,12.338
88,7,1,39.848,13.088,38.706,12.310
89,7,1,39.830,13.098,38.688,12.320
90,7,1,39.775,13.071,38.634,12.293
91,7,1,39.739,13.080,38.597,12.302
92,7,1,39.702,13.053,38.561,12.275
93,7,1,39.666,13.044,38.524,12.266
94,7,1,39.629,13.017,38.488,12.239
95,7,1,39.593,13.008,38.451,12.230
96,7,1,39.556,12.999,38.415,12.221
97,7,1,39.520,12.990,38.378,12.212
98,7,1,39.501,12.963,38.360,12.185
99,7,1,39.465,12.972,38.324,12.194
100,7,1,39.429,12.963,38.287,12.185
101,7,1,39.374,12.955,38.232,12.176
102,7,1,39.356,12.946,38.214,12.167
103,7,1,39.301,12.937,38.159,12.159
104,7,1,39.265,12.928,38.123,12.150
105,7,1,39.210,12.919,38.068,12.141
106,7,1,39.155,12.910,38.014,12.132
107,7,1,39.137,12.901,37.995,12.123
108,7,1,39.064,12.893,37.922,12.114
109,7,1,39.028,12.884,37.886,12.105
110,7,1,38.973,12.875,37.831,12.097
111,7,1,38.955,12.866,37.813,12.088
112,7,1,38.882,12.857,37.740,12.079
113,7,1,38.846,12.848,37.703,12.070
114,7,1,38.827,12.839,37.685,12.061
115,7,1,38.809,12.849,37.667,12.070
116,7,1,38.773,12.858,37.631,12.080
117,7,1,38.755,12.849,37.612,12.071
118,7,1,38.718,12.840,37.576,12.062
119,7,1,38.682,12.831,37.539,12.053
120,7,1,38.645,12.822,37.503,12.044
121,7,1,38.590,12.814,37.448,12.035
122,7,1,38.536,12.805,37.393,12.026
123,7,1,38.499,12.796,37.357,12.017
124,7,1,38.463,12.769,37.320,11.990
125,7,1,38.426,12.760,37.284,11.981
126,7,1,38.390,12.751,37.247,11.972
127,7,1,38.353,12.742,37.211,11.963
128,7,1,38.317,12.715,37.174,11.936
129,7,1,38.262,12.706,37.119,11.927
130,7,1,38.207,12.679,37.065,11.900
131,7,1,38.189,12.670,37.046,11.891
132,7,1,38.134,12.661,36.992,11.882
133,7,1,38.134,12.652,36.992,11.873
134,7,1,38.116,12.643,36.973,11.864
135,7,1,38.061,12.634,36.919,11.855
136,7,1,38.025,12.625,36.882,11.847
137,7,1,37.970,12.616,36.827,11.838
138,7,1,37.915,12.608,36.772,11.829
139,7,1,37.879,12.599,36.736,11.820
140,7,1,37.842,12.590,36.699,11.811
141,7,1,37.806,12.599,36.663,11.820
142,7,1,37.769,12.590,36.626,11.811
143,7,1,37.733,12.581,36.590,11.803
144,7,1,37.678,12.573,36.535,11.794
145,7,1,37.623,12.582,36.480,11.803
146,7,1,37.587,12.573,36.444,11.794
147,7,1,37.532,12.564,36.389,11.785
148,7,1,37.477,12.556,36.334,11.777
149,7,1,37.441,12.547,36.298,11.768
150,7,1,37.423,12.538,36.279,11.759
151,7,1,37.386,12.547,36.243,11.768
152,7,1,37.368,12.538,36.225,11.759
153,7,1,37.350,12.547,36.206,11.768
154,7,1,37.295,12.538,36.152,11.759
155,7,1,37.258,12.530,36.115,11.750
156,7,1,37.204,12.521,36.060,11.742
157,7,1,37.149,12.512,36.005,11.733
158,7,1,37.131,12.503,35.987,11.724
159,7,1,37.076,12.494,35.932,11.715
160,7,1,37.058,12.485,35.914,11.706
161,7,1,37.003,12.476,35.859,11.697
162,7,1,36.966,12.467,35.823,11.688
163,7,1,36.930,12.458,35.786,11.679
164,7,1,36.893,12.431,35.750,11.652
165,7,1,36.838,12.422,35.695,11.643
166,7,1,36.784,12.414,35.640,11.634
167,7,1,36.747,12.405,35.603,11.625
168,7,1,36.711,12.396,35.567,11.617
169,7,1,36.674,12.387,35.530,11.608
170,7,1,36.656,12.378,35.512,11.599
171,7,1,36.601,12.387,35.457,11.608
172,7,1,36.565,12.397,35.421,11.617
173,7,1,36.510,12.388,35.366,11.609
174,7,1,36.455,12.379,35.311,11.600
175,7,1,36.437,12.388,35.293,11.609
176,7,1,36.382,12.380,35.238,11.600
177,7,1,36.364,12.389,35.219,11.609
178,7,1,36.309,12.380,35.165,11.601
179,7,1,36.272,12.389,35.128,11.610
180,7,1,36.218,12.399,35.073,11.619
181,7,1,36.163,12.408,35.018,11.629
182,7,1,36.126,12.399,34.982,11.620
183,7,1,36.071,12.391,34.927,11.611
184,7,1,36.017,12.382,34.872,11.602
185,7,1,35.980,12.391,34.836,11.612
186,7,1,35.925,12.382,34.781,11.603
187,7,1,35.852,12.374,34.707,11.594
188,7,1,35.834,12.365,34.689,11.585
189,7,1,35.816,12.392,34.671,11.612
190,7,1,35.761,12.383,34.616,11.604
191,7,1,35.743,12.393,34.598,11.613
192,7,1,35.688,12.384,34.543,11.604
193,7,1,35.669,12.375,34.525,11.595
194,7,1,35.615,12.384,34.470,11.604
195,7,1,35.596,12.394,34.451,11.614
196,7,1,35.541,12.385,34.397,11.605
197,7,1,35.523,12.394,34.378,11.614
198,7,1,35.468,12.385,34.323,11.605
199,7,1,35.450,12.376,34.305,11.596
200,7,1,35.395,12.367,34.250,11.587
201,7,1,35.359,12.377,34.214,11.597
202,7,1,35.304,12.350,34.159,11.570
203,7,1,35.231,12.359,34.085,11.579
204,7,1,35.176,12.332,34.030,11.552
205,7,1,35.139,12.323,33.994,11.543
0,14,2,33.383,19.157,32.543,17.320
1,14,2,33.420,19.203,32.580,17.329
2,14,2,33.346,19.167,32.552,17.274
3,14,2,33.420,19.185,32.598,17.209
4,14,2,33.410,19.148,32.598,17.237
5,14,2,33.420,19.101,32.608,17.191
6,14,2,33.429,19.055,32.617,17.145
7,14,2,33.438,18.990,32.626,17.080
8,14,2,33.447,18.944,32.635,17.034
9,14,2,33.456,18.861,32.644,16.951
10,14,2,33.465,18.815,32.653,16.905
11,14,2,33.474,18.750,32.662,16.840
12,14,2,33.483,18.704,32.671,16.794
13,14,2,33.492,18.621,32.681,16.711
14,14,2,33.502,18.575,32.690,16.665
15,14,2,33.511,18.491,32.699,16.582
16,14,2,33.520,18.427,32.708,16.517
17,14,2,33.547,18.362,32.735,16.453
18,14,2,33.538,18.298,32.726,16.388
19,14,2,33.565,18.214,32.754,16.305
20,14,2,33.574,18.150,32.763,16.241
21,14,2,33.583,18.067,32.772,16.158
22,14,2,33.593,18.002,32.781,16.093
23,14,2,33.602,17.919,32.790,16.011
24,14,2,33.611,17.854,32.799,15.946
25,14,2,33.620,17.771,32.808,15.863
26,14,2,33.629,17.707,32.817,15.799
27,14,2,33.638,17.642,32.826,15.734
28,14,2,33.647,17.577,32.836,15.670
29,14,2,33.674,17.494,32.863,15.587
30,14,2,33.665,17.430,32.854,15.522
31,14,2,33.692,17.347,32.881,15.439
32,14,2,33.683,17.282,32.872,15.375
33,14,2,33.711,17.199,32.899,15.292
34,14,2,33.720,17.135,32.909,15.228
35,14,2,33.729,17.052,32.918,15.145
36,14,2,33.738,16.987,32.927,15.081
37,14,2,33.747,16.904,32.936,14.998
38,14,2,33.756,16.840,32.945,14.933
39,14,2,33.765,16.757,32.954,14.851
40,14,2,33.774,16.692,32.963,14.786
41,14,2,33.783,16.609,32.972,14.703
42,14,2,33.792,16.545,32.981,14.639
43,14,2,33.801,16.462,32.990,14.556
44,14,2,33.810,16.397,32.999,14.492
45,14,2,33.819,16.315,33.008,14.409
46,14,2,33.828,16.232,33.018,14.327
47,14,2,33.837,16.149,33.027,14.244
48,14,2,33.828,16.085,33.017,14.180
49,14,2,33.855,16.002,33.045,14.097
50,14,2,33.846,15.937,33.035,14.033
51,14,2,33.855,15.854,33.045,13.950
52,14,2,33.864,15.790,33.054,13.886
53,14,2,33.873,15.707,33.063,13.803
54,14,2,33.864,15.625,33.053,13.720
55,14,2,33.873,15.542,33.062,13.638
56,14,2,33.882,15.477,33.072,13.573
57,14,2,33.891,15.395,33.081,13.491
58,14,2,33.882,15.312,33.071,13.408
59,14,2,33.891,15.229,33.080,13.326
60,14,2,33.900,15.165,33.089,13.261
61,14,2,33.909,15.082,33.099,13.179
62,14,2,33.899,15.018,33.089,13.115
63,14,2,33.908,14.935,33.098,13.032
64,14,2,33.918,14.871,33.107,12.968
65,14,2,33.927,14.788,33.116,12.885
66,14,2,33.917,14.705,33.107,12.803
67,14,2,33.926,14.623,33.116,12.720
68,14,2,33.917,14.568,33.107,12.665
69,14,2,33.926,14.458,33.116,12.555
70,14,2,33.935,14.393,33.125,12.491
71,14,2,33.944,14.320,33.134,12.418
72,14,2,33.935,14.246,33.125,12.345
73,14,2,33.944,14.145,33.134,12.244
74,14,2,33.934,14.081,33.125,12.180
75,14,2,33.943,13.999,33.134,12.097
76,14,2,33.952,13.916,33.143,12.015
77,14,2,33.961,13.833,33.152,11.932
78,14,2,33.952,13.751,33.143,11.850
79,14,2,33.980,13.751,33.207,11.758
80,14,2,33.979,13.668,33.216,11.731
81,14,2,33.988,13.494,33.216,11.630
82,14,2,33.988,13.521,33.206,11.621
83,14,2,33.988,13.457,33.206,11.557
84,14,2,33.960,13.292,33.206,11.383
85,14,2,33.942,13.237,33.224,11.337
86,14,2,33.960,13.054,33.233,11.273
87,14,2,33.960,13.054,33.233,11.209
88,14,2,33.978,12.971,33.215,11.044
89,14,2,33.997,13.008,33.187,10.944
90,14,2,33.960,12.917,33.215,11.026
91,14,2,34.078,12.687,33.205,10.807
92,14,2,34.005,12.696,33.260,10.815
93,14,2,34.050,12.458,33.214,10.724
94,14,2,34.041,12.449,33.214,10.605
95,14,2,34.050,12.330,33.241,10.550
96,14,2,34.041,12.293,33.278,10.477
97,14,2,34.041,12.183,33.287,10.440
98,14,2,34.068,12.137,33.259,10.386
99,14,2,34.050,12.064,33.296,10.358
100,14,2,34.050,12.074,33.296,10.203
101,14,2,34.059,12.037,33.287,10.121
102,14,2,34.049,11.927,33.259,10.011
103,14,2,34.086,11.790,33.241,9.956
104,14,2,34.067,11.744,33.277,9.865
105,14,2,34.058,11.689,33.304,9.746
106,14,2,34.058,11.607,33.286,9.664
107,14,2,34.067,11.524,33.268,9.627
108,14,2,34.085,11.552,33.267,9.399
109,14,2,34.058,11.424,33.304,9.344
110,14,2,34.049,11.479,33.322,9.244
111,14,2,34.057,11.305,33.303,9.107
112,14,2,34.085,11.195,33.276,9.052
113,14,2,34.075,11.067,33.267,9.016
114,14,2,34.002,10.958,33.230,8.952
115,14,2,33.993,10.885,33.230,8.861
116,14,2,34.065,10.747,33.275,8.824
117,14,2,34.038,10.647,33.211,8.751
118,14,2,34.019,10.556,33.239,8.678
119,14,2,34.028,10.537,33.257,8.587
120,14,2,34.010,10.528,33.238,8.487
121,14,2,33.992,10.428,33.257,8.587
122,14,2,34.001,10.346,33.266,8.505
123,14,2,34.028,10.071,33.229,8.241
124,14,2,34.018,10.008,33.238,8.204
125,14,2,34.036,9.925,33.229,8.104
126,14,2,34.064,9.916,33.265,8.040
127,14,2,34.073,9.861,33.256,8.040
128,14,2,34.064,9.779,33.320,7.876
129,14,2,34.063,9.670,33.338,7.785
130,14,2,34.072,9.578,33.347,7.730
131,14,2,34.090,9.533,33.356,7.703
132,14,2,34.136,9.541,33.374,7.630
133,14,2,34.145,9.441,33.392,7.575
134,14,2,34.127,9.322,33.383,7.502
135,14,2,34.145,9.204,33.401,7.475
136,14,2,34.126,9.250,33.401,7.438
137,14,2,34.126,9.177,33.401,7.365
138,14,2,34.144,9.103,33.419,7.292
139,14,2,34.144,9.031,33.419,7.220
140,14,2,34.208,8.793,33.410,7.001
141,14,2,34.235,8.775,33.401,6.937
142,14,2,34.171,8.757,33.446,6.956
143,14,2,34.208,8.738,33.400,6.828
144,14,2,34.189,8.611,33.428,6.710
145,14,2,34.171,8.529,33.418,6.646
146,14,2,34.152,8.493,33.428,6.692
147,14,2,34.152,8.429,33.427,6.628
148,14,2,34.170,8.365,33.446,6.564
149,14,2,34.189,8.283,33.464,6.482
150,14,2,34.188,8.201,33.464,6.400
151,14,2,34.188,8.119,33.464,6.319
152,14,2,34.188,8.055,33.463,6.255
153,14,2,34.188,7.973,33.463,6.173
154,14,2,34.206,7.909,33.481,6.109
155,14,2,34.224,7.827,33.500,6.028
156,14,2,34.206,7.745,33.481,5.946
157,14,2,34.224,7.663,33.499,5.864
158,14,2,34.224,7.600,33.499,5.800
159,14,2,34.223,7.499,33.499,5.700
160,14,2,34.242,7.436,33.517,5.637
161,14,2,34.260,7.335,33.535,5.537
162,14,2,34.241,7.272,33.517,5.473
163,14,2,34.259,7.190,33.535,5.391
164,14,2,34.259,7.126,33.535,5.328
165,14,2,34.259,7.044,33.535,5.246
166,14,2,34.277,6.962,33.553,5.164
167,14,2,34.295,6.880,33.571,5.082
168,14,2,34.295,6.817,33.571,5.019
169,14,2,34.295,6.735,33.571,4.937
170,14,2,34.295,6.671,33.571,4.873
171,14,2,34.313,6.589,33.589,4.792
172,14,2,34.331,6.526,33.607,4.728
173,14,2,34.331,6.444,33.607,4.646
174,14,2,34.331,6.380,33.607,4.583
175,14,2,34.330,6.298,33.607,4.501
176,14,2,34.349,6.235,33.625,4.438
177,14,2,34.503,6.107,33.788,4.229
178,14,2,34.494,6.071,33.788,4.111
179,14,2,34.494,5.989,33.788,4.193
180,14,2,34.494,5.925,33.788,4.129
181,14,2,34.512,5.844,33.806,4.047
182,14,2,34.512,5.780,33.806,3.984
183,14,2,34.530,5.698,33.824,3.902
184,14,2,34.548,5.653,33.842,3.857
185,14,2,34.548,5.571,33.842,3.775
186,14,2,34.566,5.507,33.860,3.712
187,14,2,34.584,5.426,33.878,3.630
188,14,2,34.584,5.380,33.878,3.585
189,14,2,34.602,5.298,33.896,3.503
190,14,2,34.693,5.380,33.878,3.313
191,14,2,34.629,5.244,33.924,3.449
192,14,2,34.647,5.180,33.942,3.385
193,14,2,34.665,5.117,33.960,3.322
194,14,2,34.665,5.053,33.960,3.259
195,14,2,34.683,4.972,33.978,3.177
196,14,2,34.719,4.926,34.014,3.132
197,14,2,34.737,4.844,34.032,3.050
198,14,2,34.737,4.799,34.032,3.005
199,14,2,34.737,4.736,34.032,2.942
200,14,2,34.755,4.672,34.050,2.878
201,14,2,34.792,4.609,34.086,2.815
202,14,2,34.810,4.545,34.105,2.751
203,14,2,34.809,4.482,34.104,2.688
204,14,2,34.828,4.436,34.123,2.643
205,14,2,34.846,4.373,34.141,2.579
