interaction_id,type_ped,type_cyc,ids_ped,ids_cyc,start_frame,end_frame,start_time_s,end_time_s,duration_s,interaction_label,direction,approach,position,distance,dist_mean,dist_min,speed,speed_mean,in_hull,split,density_ped_evolution,mean_density_ped,std_density_ped,min_density_ped,max_density_ped,trend_density_ped,density_cyc_evolution,mean_density_cyc,std_density_cyc,min_density_cyc,max_density_cyc,trend_density_cyc,pet,pet_val,ttac,ttac_min,risk,risk_score,speed_var_ped,speed_var_cyc,spatial_var_ped,spatial_var_cyc,most_reactive_agent,recording
0,ped_noise,cyc_noise,[152],[1],143,144,71.5,72.0,0.5,AVOIDANCE,OPPOSITE_DIRECTION,LATERAL_APPROACH,LEFT,CLOSE,2.4843104321224594,2.0899126739519405,VERY_FAST,19.2461188306402,,,,,,,,,,,,,,,None,,None,,MEDIUM,3,UNKNOWN,DECELERATING,LINEAR,LINEAR,both,D1_trajectory.csv
1,ped_noise,cyc_noise,[25],[26],443,446,221.5,223.0,1.5,MOVING_AWAY,SAME_DIRECTION,MOVING_AWAY,FRONT,CLOSE,3.246519363873755,2.1198889911416448,MODERATE,10.041649429834086,,,,,,,,,,,,,,,LOW,21.5,LOW,17.791844605684325,LOW,0,DECELERATING,UNKNOWN,LINEAR,LINEAR,cyc,D1_trajectory.csv
2,ped_cluster,cyc_noise,"[22, 23]",[26],454,458,227.0,229.0,2.0,OVERTAKING_GROUP,SAME_DIRECTION,,BEHIND,CLOSE,3.4303602320242725,2.611195392153097,MODERATE,12.021697486307861,False,False,STABLE,0.0,0.0,0.0,0.0,0.0,STABLE,0.0,0.0,0.0,0.0,0.0,,,,,LOW,0,,,,,,D1_trajectory.csv
3,ped_cluster,cyc_noise,"[20, 21]",[26],457,464,228.5,232.0,3.5,OVERTAKING_GROUP,SAME_DIRECTION,,BEHIND,CLOSE,3.4140437664903196,2.156500086788646,MODERATE,9.30303842057492,False,False,STABLE,0.0,0.0,0.0,0.0,0.0,STABLE,0.0,0.0,0.0,0.0,0.0,,,,,LOW,0,,,,,,D1_trajectory.csv
4,ped_cluster,cyc_noise,"[169, 170]",[171],554,561,277.0,280.5,3.5,OVERTAKING_GROUP,SAME_DIRECTION,,LEFT,CRITICAL_PROXIMITY,2.919457273013082,1.3253570138317308,MODERATE,9.432229923469052,False,False,STABLE,0.0,0.0,0.0,0.0,0.0,STABLE,0.0,0.0,0.0,0.0,0.0,,,,,MEDIUM,1,,,,,,D1_trajectory.csv
5,ped_noise,cyc_noise,[168],[171],558,563,279.0,281.5,2.5,OVERTAKING,SAME_DIRECTION,APPROACH_AND_ESCAPE,LEFT,CLOSE,2.9604834385530197,1.8123372128086586,MODERATE,11.034984832726769,,,,,,,,,,,,,,,LOW,18.0,None,,LOW,0,STABLE,UNKNOWN,LINEAR,LINEAR,cyc,D1_trajectory.csv
6,ped_noise,cyc_noise,[166],[171],566,569,283.0,284.5,1.5,OVERTAKING,SAME_DIRECTION,APPROACH_AND_ESCAPE,LEFT,MODERATE_DISTANCE,4.099989001930889,3.6352732144507613,MODERATE,11.747942416308339,,,,,,,,,,,,,,,LOW,21.5,LOW,536.8984821767275,LOW,0,STABLE,DECELERATING,LINEAR,LINEAR,cyc,D1_trajectory.csv
7,ped_noise,cyc_noise,[28],[171],576,578,288.0,289.0,1.0,AVOIDANCE,DIVERGING,FRONTAL_APPROACH,RIGHT,CLOSE,3.1803348238671063,2.4407561781095275,VERY_FAST,18.54380397663928,,,,,,,,,,,,,,,LOW,48.0,None,,MEDIUM,3,UNKNOWN,ACCELERATING,LINEAR,LINEAR,ped,D1_trajectory.csv
8,ped_noise,cyc_noise,[67],[205],1070,1073,535.0,536.5,1.5,AVOIDANCE,OPPOSITE_DIRECTION,LATERAL_APPROACH,RIGHT,CLOSE,3.136506996687927,2.0979636949262543,FAST,15.635521364678462,,,,,,,,,,,,,,,HIGH,1.0,None,,MEDIUM,4,DECELERATING,UNKNOWN,LINEAR,LINEAR,cyc,D1_trajectory.csv
9,ped_noise,cyc_noise,[68],[205],1073,1076,536.5,538.0,1.5,AVOIDANCE,OPPOSITE_DIRECTION,LATERAL_APPROACH,RIGHT,CLOSE,3.304002331716606,2.2562693602118915,FAST,16.287178095391674,,,,,,,,,,,,,,,None,,None,,LOW,2,STABLE,UNKNOWN,LINEAR,LINEAR,ped,D1_trajectory.csv
10,ped_cluster,cyc_noise,"[203, 204]",[205],1079,1084,539.5,542.0,2.5,OVERTAKING_GROUP,SAME_DIRECTION,,FRONT,MODERATE_DISTANCE,3.888489896906267,3.2409492932064494,MODERATE,9.170691992267882,False,False,STABLE,0.0,0.0,0.0,0.0,0.0,STABLE,0.0,0.0,0.0,0.0,0.0,,,,,LOW,0,,,,,,D1_trajectory.csv
11,ped_noise,cyc_noise,[69],[205],1081,1084,540.5,542.0,1.5,AVOIDANCE,OPPOSITE_DIRECTION,APPROACH_AND_ESCAPE,RIGHT,CLOSE,3.3646965440528014,1.8449904219584476,VERY_FAST,20.430570385394617,,,,,,,,,,,,,,,LOW,9.0,None,,MEDIUM,3,DECELERATING,ACCELERATING,LINEAR,LINEAR,cyc,D1_trajectory.csv
12,ped_noise,cyc_noise,[210],[82],1244,1245,622.0,622.5,0.5,AVOIDANCE,OPPOSITE_DIRECTION,LATERAL_APPROACH,LEFT,MODERATE_DISTANCE,4.457182207187413,4.120995896953165,VERY_FAST,22.945913357378124,,,,,,,,,,,,,,,None,,None,,LOW,2,DECELERATING,DECELERATING,LINEAR,LINEAR,both,D1_trajectory.csv
13,ped_noise,cyc_cluster,[87],"[88, 89]",1330,1331,665.0,665.5,0.5,OVERTAKING_GROUP,SAME_DIRECTION,,BEHIND,MODERATE_DISTANCE,3.5220181586479957,3.053853632764856,MODERATE,11.502121388496478,False,False,STABLE,0.0,0.0,0.0,0.0,0.0,STABLE,0.0,0.0,0.0,0.0,0.0,,,,,LOW,0,,,,,,D1_trajectory.csv
14,ped_cluster,cyc_cluster,"[83, 84, 85, 86]","[88, 89]",1332,1336,666.0,668.0,2.0,GROUP_SPLIT,SAME_DIRECTION,,BEHIND,CRITICAL_PROXIMITY,2.0758902127091536,1.3404427489892512,MODERATE,11.876656321000752,False,True,DISPERSED,2.915461636389874,0.8052830989923899,2.1200458919871554,4.397521254899844,-0.5260857304130561,STABLE,0.0,0.0,0.0,0.0,0.0,,,,,MEDIUM,1,,,,,,D1_trajectory.csv
15,ped_cluster,cyc_noise,"[92, 93]",[94],1423,1425,711.5,712.5,1.0,OVERTAKING_GROUP,SAME_DIRECTION,,BEHIND,MODERATE_DISTANCE,3.9432787101820828,3.7508142134011297,MODERATE,8.861481719220667,False,False,STABLE,0.0,0.0,0.0,0.0,0.0,STABLE,0.0,0.0,0.0,0.0,0.0,,,,,LOW,0,,,,,,D1_trajectory.csv
16,ped_noise,cyc_noise,[91],[94],1437,1440,718.5,720.0,1.5,OVERTAKING,SAME_DIRECTION,APPROACH_AND_ESCAPE,RIGHT,MODERATE_DISTANCE,4.7011380338471875,4.62969416864769,MODERATE,9.300377305915339,,,,,,,,,,,,,,,None,,LOW,18.18839279560498,LOW,0,DECELERATING,STABLE,LINEAR,LINEAR,cyc,D1_trajectory.csv
17,ped_noise,cyc_noise,[213],[94],1442,1443,721.0,721.5,0.5,AVOIDANCE,OPPOSITE_DIRECTION,FRONTAL_APPROACH,LEFT,MODERATE_DISTANCE,4.116942327433382,4.08681730081436,VERY_FAST,21.607708283848456,,,,,,,,,,,,,,,None,,None,,LOW,2,ACCELERATING,DECELERATING,LINEAR,LINEAR,both,D1_trajectory.csv
18,ped_noise,cyc_noise,[214],[94],1443,1445,721.5,722.5,1.0,AVOIDANCE,OPPOSITE_DIRECTION,APPROACH_AND_ESCAPE,LEFT,MODERATE_DISTANCE,4.061905373970422,3.2729602099837303,VERY_FAST,22.68153071542982,,,,,,,,,,,,,,,None,,None,,LOW,2,DECELERATING,ACCELERATING,LINEAR,LINEAR,cyc,D1_trajectory.csv
19,ped_noise,cyc_noise,[97],[98],1445,1448,722.5,724.0,1.5,OVERTAKING,SAME_DIRECTION,APPROACH_AND_ESCAPE,RIGHT,MODERATE_DISTANCE,4.04029750023224,3.4715841236560148,FAST,15.697938143466246,,,,,,,,,,,,,,,LOW,4.0,None,,LOW,1,DECELERATING,UNKNOWN,LINEAR,LINEAR,cyc,D1_trajectory.csv
20,ped_cluster,cyc_noise,"[92, 93]",[98],1454,1457,727.0,728.5,1.5,OVERTAKING_GROUP,SAME_DIRECTION,,BEHIND,MODERATE_DISTANCE,3.8622490955205855,3.4461425317576464,FAST,14.049059942734653,False,False,STABLE,0.0,0.0,0.0,0.0,0.0,STABLE,0.0,0.0,0.0,0.0,0.0,,,,,MEDIUM,1,,,,,,D1_trajectory.csv
21,ped_cluster,cyc_noise,"[92, 93]",[215],1482,1486,741.0,743.0,2.0,BYPASSING_GROUP,OPPOSITE_DIRECTION,,LEFT,CLOSE,2.915093711670357,1.6721372169876862,MODERATE,1.7627264578023591,False,False,STABLE,0.0,0.0,0.0,0.0,0.0,STABLE,0.0,0.0,0.0,0.0,0.0,,,,,LOW,0,,,,,,D1_trajectory.csv
22,ped_cluster,cyc_noise,"[216, 217, 218]",[215],1483,1488,741.5,744.0,2.5,OVERTAKING_GROUP,SAME_DIRECTION,,RIGHT,CLOSE,3.6855734119598473,2.475447712879605,MODERATE,3.4607507635744845,False,False,DENSER,8.88597613665634,6.689449938479958,0.0,17.78356753882797,7.367057845699027,STABLE,0.0,0.0,0.0,0.0,0.0,,,,,LOW,0,,,,,,D1_trajectory.csv
23,ped_cluster,cyc_noise,"[96, 95]",[215],1485,1490,742.5,745.0,2.5,BYPASSING_GROUP,OPPOSITE_DIRECTION,,FRONT,CRITICAL_PROXIMITY,2.643948559416924,0.8283206875404856,MODERATE,2.338286298143586,False,False,STABLE,0.0,0.0,0.0,0.0,0.0,STABLE,0.0,0.0,0.0,0.0,0.0,,,,,MEDIUM,1,,,,,,D1_trajectory.csv
24,ped_noise,cyc_noise,[134],[240],2051,2052,1025.5,1026.0,0.5,AVOIDANCE,OPPOSITE_DIRECTION,FRONTAL_APPROACH,RIGHT,MODERATE_DISTANCE,4.630635196564969,4.533576017127615,VERY_FAST,25.24687417510428,,,,,,,,,,,,,,,None,,None,,LOW,2,DECELERATING,ACCELERATING,LINEAR,LINEAR,both,D1_trajectory.csv
25,ped_cluster,cyc_noise,"[238, 239]",[136],2051,2053,1025.5,1026.5,1.0,BYPASSING_GROUP,OPPOSITE_DIRECTION,,FRONT,CLOSE,3.0433764961999885,1.6946265458242211,FAST,13.993891973480899,False,False,STABLE,0.0,0.0,0.0,0.0,0.0,STABLE,0.0,0.0,0.0,0.0,0.0,,,,,HIGH,2,,,,,,D1_trajectory.csv
26,ped_noise,cyc_noise,[135],[240],2052,2053,1026.0,1026.5,0.5,AVOIDANCE,OPPOSITE_DIRECTION,FRONTAL_APPROACH,RIGHT,MODERATE_DISTANCE,4.664575013544443,4.590372740408227,VERY_FAST,25.71472293002804,,,,,,,,,,,,,,,LOW,25.0,None,,LOW,2,ACCELERATING,DECELERATING,LINEAR,LINEAR,both,D1_trajectory.csv
27,ped_noise,cyc_noise,[242],[241],2054,2056,1027.0,1028.0,1.0,AVOIDANCE,OPPOSITE_DIRECTION,FRONTAL_APPROACH,LEFT,CLOSE,3.0723895170831512,2.2353363121662735,VERY_FAST,20.036354268550134,,,,,,,,,,,,,,,LOW,10.0,None,,MEDIUM,3,UNKNOWN,STABLE,LINEAR,LINEAR,ped,D1_trajectory.csv
28,ped_noise,cyc_noise,[135],[136],2062,2063,1031.0,1031.5,0.5,OVERTAKING,SAME_DIRECTION,LATERAL_APPROACH,RIGHT,MODERATE_DISTANCE,4.87332238569536,4.845130619267871,MODERATE,11.985705502920004,,,,,,,,,,,,,,,LOW,14.5,LOW,24.346428179226404,LOW,0,ACCELERATING,DECELERATING,LINEAR,LINEAR,both,D1_trajectory.csv
29,ped_noise,cyc_noise,[134],[136],2063,2065,1031.5,1032.5,1.0,FOLLOWING,SAME_DIRECTION,FRONTAL_APPROACH,RIGHT,MODERATE_DISTANCE,4.3616857420259265,3.9089469532787904,MODERATE,12.446239531179232,,,,,,,,,,,,,,,None,,LOW,19.245001941766336,LOW,0,DECELERATING,ACCELERATING,LINEAR,LINEAR,cyc,D1_trajectory.csv
30,ped_noise,cyc_noise,[242],[136],2064,2065,1032.0,1032.5,0.5,AVOIDANCE,OPPOSITE_DIRECTION,FRONTAL_APPROACH,LEFT,CLOSE,2.857576331803064,2.761634310078667,VERY_FAST,22.67971864610466,,,,,,,,,,,,,,,LOW,17.0,None,,MEDIUM,3,DECELERATING,ACCELERATING,LINEAR,LINEAR,both,D1_trajectory.csv
31,ped_cluster,cyc_noise,"[238, 239]",[240],2060,2066,1030.0,1033.0,3.0,OVERTAKING_GROUP,SAME_DIRECTION,,LEFT,CRITICAL_PROXIMITY,2.996817145931892,1.2408319523800586,FAST,11.480404537569681,False,False,STABLE,0.0,0.0,0.0,0.0,0.0,STABLE,0.0,0.0,0.0,0.0,0.0,,,,,HIGH,2,,,,,,D1_trajectory.csv
32,ped_cluster,cyc_cluster,"[142, 143, 144, 145, 146]","[252, 149]",2171,2173,1085.5,1086.5,1.0,OVERTAKING_GROUP,SAME_DIRECTION,,RIGHT,MODERATE_DISTANCE,3.8907356359709016,3.0681372650050935,MODERATE,5.943591058762876,False,False,DISPERSED,3.4921838074522005,0.4241589727566505,3.078202610590706,4.075114464587536,-0.24503173658765443,STABLE,0.0,0.0,0.0,0.0,0.0,,,,,LOW,0,,,,,,D1_trajectory.csv
33,ped_noise,cyc_noise,[250],[150],2193,2194,1096.5,1097.0,0.5,AVOIDANCE,OPPOSITE_DIRECTION,LATERAL_APPROACH,LEFT,MODERATE_DISTANCE,3.7687649105124503,3.325934550114086,VERY_FAST,25.215896860757237,,,,,,,,,,,,,,,LOW,15.0,None,,LOW,2,DECELERATING,UNKNOWN,LINEAR,LINEAR,both,D1_trajectory.csv
34,ped_cluster,cyc_noise,"[147, 148]",[150],2202,2203,1101.0,1101.5,0.5,OVERTAKING_GROUP,SAME_DIRECTION,,BEHIND,MODERATE_DISTANCE,4.465452284617311,4.188483381498887,FAST,16.401421848121426,False,False,STABLE,0.0,0.0,0.0,0.0,0.0,STABLE,0.0,0.0,0.0,0.0,0.0,,,,,MEDIUM,1,,,,,,D1_trajectory.csv
0,ped_noise,cyc_noise,[23],[41],254,256,127.0,128.0,1.0,MOVING_AWAY,OPPOSITE_DIRECTION,MOVING_AWAY,LEFT,CLOSE,2.9772338284229267,2.234567226720666,VERY_FAST,16.889872049086684,,,,,,,,,,,,,,,None,,None,,MEDIUM,3,DECELERATING,UNKNOWN,LINEAR,LINEAR,ped,D2_trajectory.csv
1,ped_noise,cyc_noise,[20],[41],254,257,127.0,128.5,1.5,AVOIDANCE,OPPOSITE_DIRECTION,FRONTAL_APPROACH,LEFT,CLOSE,3.7069872366364267,2.5973349727398616,VERY_FAST,18.382658497428654,,,,,,,,,,,,,,,LOW,45.5,None,,MEDIUM,3,DECELERATING,UNKNOWN,LINEAR,LINEAR,cyc,D2_trajectory.csv
2,ped_noise,cyc_noise,[22],[41],256,257,128.0,128.5,0.5,AVOIDANCE,OPPOSITE_DIRECTION,FRONTAL_APPROACH,LEFT,MODERATE_DISTANCE,4.091007737517069,4.0486608170578915,VERY_FAST,21.893991647229477,,,,,,,,,,,,,,,None,,None,,LOW,2,DECELERATING,UNKNOWN,LINEAR,LINEAR,both,D2_trajectory.csv
3,ped_noise,cyc_noise,[26],[41],256,257,128.0,128.5,0.5,AVOIDANCE,OPPOSITE_DIRECTION,FRONTAL_APPROACH,LEFT,CLOSE,2.60613480429349,2.585669193096724,VERY_FAST,22.99410274688578,,,,,,,,,,,,,,,LOW,5.0,None,,MEDIUM,3,DECELERATING,UNKNOWN,LINEAR,LINEAR,both,D2_trajectory.csv
4,ped_cluster,cyc_noise,"[24, 25]",[41],257,258,128.5,129.0,0.5,BYPASSING_GROUP,OPPOSITE_DIRECTION,,BEHIND,MODERATE_DISTANCE,4.099154946207296,3.9937223087662606,MODERATE,12.391066690261502,False,False,STABLE,0.0,0.0,0.0,0.0,0.0,STABLE,0.0,0.0,0.0,0.0,0.0,,,,,LOW,0,,,,,,D2_trajectory.csv
5,ped_cluster,cyc_noise,"[33, 34, 35, 37, 38]",[41],264,266,132.0,133.0,1.0,OVERTAKING_GROUP,SAME_DIRECTION,,BEHIND,MODERATE_DISTANCE,4.483702042088908,4.252872695457169,MODERATE,13.345597461071506,False,False,DENSER,45.36291253578826,14.103259860331686,29.76625658328111,63.9274445950233,34.1611880117422,STABLE,0.0,0.0,0.0,0.0,0.0,,,,,LOW,0,,,,,,D2_trajectory.csv
6,ped_cluster,cyc_noise,"[30, 31]",[41],269,273,134.5,136.5,2.0,OVERTAKING_GROUP,SAME_DIRECTION,,BEHIND,CLOSE,3.444681782570087,2.4964825512727145,MODERATE,13.021098368424436,False,False,STABLE,0.0,0.0,0.0,0.0,0.0,STABLE,0.0,0.0,0.0,0.0,0.0,,,,,LOW,0,,,,,,D2_trajectory.csv
7,ped_cluster,cyc_noise,"[45, 46, 47]",[41],273,275,136.5,137.5,1.0,BYPASSING_GROUP,OPPOSITE_DIRECTION,,BEHIND,MODERATE_DISTANCE,3.9360487947542278,3.3812300312276466,MODERATE,9.683780392405312,False,False,DENSER,151.5936468962087,110.2854993374947,62.892513070046604,307.0451530026457,244.15263993259907,STABLE,0.0,0.0,0.0,0.0,0.0,,,,,LOW,0,,,,,,D2_trajectory.csv
8,ped_noise,cyc_noise,[36],[57],293,294,146.5,147.0,0.5,AVOIDANCE,OPPOSITE_DIRECTION,LATERAL_APPROACH,LEFT,MODERATE_DISTANCE,4.506724318570431,4.4713096698847945,VERY_FAST,20.40637135452245,,,,,,,,,,,,,,,None,,None,,LOW,2,DECELERATING,UNKNOWN,LINEAR,LINEAR,both,D2_trajectory.csv
9,ped_cluster,cyc_noise,"[42, 43, 44]",[57],301,302,150.5,151.0,0.5,BYPASSING_GROUP,OPPOSITE_DIRECTION,,BEHIND,MODERATE_DISTANCE,4.59694418461233,4.526319161881007,MODERATE,9.875658003773609,False,False,DENSER,9.566401268581771,1.5497170496672874,8.016684218914484,11.11611831824906,6.19886819866915,STABLE,0.0,0.0,0.0,0.0,0.0,,,,,LOW,0,,,,,,D2_trajectory.csv
10,ped_noise,cyc_noise,[60],[61],302,303,151.0,151.5,0.5,MOVING_AWAY,SAME_DIRECTION,MOVING_AWAY,FRONT,MODERATE_DISTANCE,3.7874656107545706,3.3606680590608398,MODERATE,7.500908044561616,,,,,,,,,,,,,,,None,,LOW,22.872205586277165,LOW,0,UNKNOWN,UNKNOWN,LINEAR,LINEAR,both,D2_trajectory.csv
11,ped_cluster,cyc_noise,"[48, 49]",[57],306,307,153.0,153.5,0.5,BYPASSING_GROUP,OPPOSITE_DIRECTION,,BEHIND,MODERATE_DISTANCE,4.677014781277093,4.505423527370973,MODERATE,8.907524309062104,False,False,STABLE,0.0,0.0,0.0,0.0,0.0,STABLE,0.0,0.0,0.0,0.0,0.0,,,,,LOW,0,,,,,,D2_trajectory.csv
12,ped_cluster,cyc_noise,"[50, 51]",[57],306,308,153.0,154.0,1.0,BYPASSING_GROUP,OPPOSITE_DIRECTION,,BEHIND,CLOSE,3.5742214240596226,2.85848351251878,MODERATE,9.213786706173716,False,False,STABLE,0.0,0.0,0.0,0.0,0.0,STABLE,0.0,0.0,0.0,0.0,0.0,,,,,LOW,0,,,,,,D2_trajectory.csv
13,ped_cluster,cyc_noise,"[53, 54, 55, 56, 58, 59]",[57],309,311,154.5,155.5,1.0,BYPASSING_GROUP,OPPOSITE_DIRECTION,,BEHIND,CLOSE,3.680080488339966,2.99647737963171,MODERATE,10.863633341768542,False,False,DENSER,3.9092022655816563,0.4575917030316906,3.4101976421467537,4.515539328084548,1.1053416859377947,STABLE,0.0,0.0,0.0,0.0,0.0,,,,,LOW,0,,,,,,D2_trajectory.csv
14,ped_cluster,cyc_noise,"[50, 51]",[61],312,313,156.0,156.5,0.5,BYPASSING_GROUP,OPPOSITE_DIRECTION,,BEHIND,CLOSE,2.694275932612963,2.433845943956108,MODERATE,13.639174647105627,False,False,STABLE,0.0,0.0,0.0,0.0,0.0,STABLE,0.0,0.0,0.0,0.0,0.0,,,,,LOW,0,,,,,,D2_trajectory.csv
15,ped_cluster,cyc_noise,"[53, 54, 55, 56, 58, 59]",[61],314,316,157.0,158.0,1.0,BYPASSING_GROUP,OPPOSITE_DIRECTION,,BEHIND,CLOSE,3.255052468698309,1.9799123588938612,MODERATE,14.595077155820874,False,False,DISPERSED,4.800859038725349,1.0620319402568252,3.9404916934182816,6.297201136067947,-2.3567094426496658,STABLE,0.0,0.0,0.0,0.0,0.0,,,,,LOW,0,,,,,,D2_trajectory.csv
16,ped_cluster,cyc_noise,"[78, 79]",[84],461,465,230.5,232.5,2.0,OVERTAKING_GROUP,SAME_DIRECTION,,BEHIND,MODERATE_DISTANCE,4.113929541625165,3.4769222504740642,MODERATE,11.820965918470375,False,False,STABLE,0.0,0.0,0.0,0.0,0.0,STABLE,0.0,0.0,0.0,0.0,0.0,,,,,LOW,0,,,,,,D2_trajectory.csv
17,ped_cluster,cyc_noise,"[76, 77]",[84],463,465,231.5,232.5,1.0,BYPASSING_GROUP,OPPOSITE_DIRECTION,,BEHIND,CLOSE,2.9197364321966286,1.5054630994774212,MODERATE,12.325219140587953,False,False,STABLE,0.0,0.0,0.0,0.0,0.0,STABLE,0.0,0.0,0.0,0.0,0.0,,,,,LOW,0,,,,,,D2_trajectory.csv
18,ped_cluster,cyc_noise,"[80, 81]",[84],467,468,233.5,234.0,0.5,BYPASSING_GROUP,OPPOSITE_DIRECTION,,BEHIND,MODERATE_DISTANCE,3.7689524704724082,3.5508876819290163,MODERATE,11.743236940338237,False,False,STABLE,0.0,0.0,0.0,0.0,0.0,STABLE,0.0,0.0,0.0,0.0,0.0,,,,,LOW,0,,,,,,D2_trajectory.csv
19,ped_cluster,cyc_noise,"[73, 74]",[84],466,470,233.0,235.0,2.0,OVERTAKING_GROUP,SAME_DIRECTION,,FRONT,CRITICAL_PROXIMITY,2.7333097909572475,1.3632172335755683,MODERATE,13.205070478908581,False,False,STABLE,0.0,0.0,0.0,0.0,0.0,STABLE,0.0,0.0,0.0,0.0,0.0,,,,,MEDIUM,1,,,,,,D2_trajectory.csv
20,ped_cluster,cyc_noise,"[76, 77]",[94],477,478,238.5,239.0,0.5,BYPASSING_GROUP,OPPOSITE_DIRECTION,,BEHIND,MODERATE_DISTANCE,3.567053105925914,3.515833661839256,MODERATE,8.094523813712863,False,False,STABLE,0.0,0.0,0.0,0.0,0.0,STABLE,0.0,0.0,0.0,0.0,0.0,,,,,LOW,0,,,,,,D2_trajectory.csv
21,ped_cluster,cyc_noise,"[86, 87]",[94],475,481,237.5,240.5,3.0,OVERTAKING_GROUP,SAME_DIRECTION,,BEHIND,CRITICAL_PROXIMITY,2.5524879029648866,1.2901176695824668,MODERATE,8.765715003420839,False,False,STABLE,0.0,0.0,0.0,0.0,0.0,STABLE,0.0,0.0,0.0,0.0,0.0,,,,,MEDIUM,1,,,,,,D2_trajectory.csv
22,ped_cluster,cyc_noise,"[86, 87, 88, 89, 90]",[94],473,483,236.5,241.5,5.0,OVERTAKING_GROUP,SAME_DIRECTION,,BEHIND,CRITICAL_PROXIMITY,2.7649960312631485,1.2901176695824668,MODERATE,8.608460779137447,False,False,STABLE,2.125466091450892,0.09656671141225308,1.992906432517062,2.279086006258335,-0.015217534678180563,STABLE,0.0,0.0,0.0,0.0,0.0,,,,,MEDIUM,1,,,,,,D2_trajectory.csv
23,ped_noise,cyc_noise,[98],[99],486,488,243.0,244.0,1.0,MOVING_AWAY,SAME_DIRECTION,MOVING_AWAY,RIGHT,MODERATE_DISTANCE,3.8072085576228685,3.459645537370556,MODERATE,8.366887587655985,,,,,,,,,,,,,,,LOW,9.5,LOW,76.90318683640014,LOW,0,UNKNOWN,UNKNOWN,LINEAR,LINEAR,cyc,D2_trajectory.csv
24,ped_noise,cyc_noise,[85],[94],486,489,243.0,244.5,1.5,OVERTAKING,SAME_DIRECTION,APPROACH_AND_ESCAPE,RIGHT,MODERATE_DISTANCE,4.568760339777732,4.397431511476811,MODERATE,7.778992588583551,,,,,,,,,,,,,,,LOW,5.0,LOW,16.553057860640084,LOW,0,DECELERATING,DECELERATING,LINEAR,LINEAR,cyc,D2_trajectory.csv
25,ped_cluster,cyc_noise,"[76, 77]",[99],488,489,244.0,244.5,0.5,BYPASSING_GROUP,OPPOSITE_DIRECTION,,BEHIND,CLOSE,2.4376151040876315,1.9742287076962304,FAST,14.633597580785285,False,False,STABLE,0.0,0.0,0.0,0.0,0.0,STABLE,0.0,0.0,0.0,0.0,0.0,,,,,HIGH,2,,,,,,D2_trajectory.csv
26,ped_noise,cyc_noise,[80],[99],491,492,245.5,246.0,0.5,AVOIDANCE,OPPOSITE_DIRECTION,LATERAL_APPROACH,LEFT,MODERATE_DISTANCE,3.872127770242674,3.126342820288745,VERY_FAST,21.798265735975086,,,,,,,,,,,,,,,LOW,10.5,None,,LOW,2,DECELERATING,UNKNOWN,LINEAR,LINEAR,both,D2_trajectory.csv
27,ped_cluster,cyc_noise,"[96, 95]",[94],491,493,245.5,246.5,1.0,BYPASSING_GROUP,OPPOSITE_DIRECTION,,BEHIND,MODERATE_DISTANCE,4.0105592813798525,3.4494610196683007,MODERATE,8.718080659130932,False,False,STABLE,0.0,0.0,0.0,0.0,0.0,STABLE,0.0,0.0,0.0,0.0,0.0,,,,,LOW,0,,,,,,D2_trajectory.csv
28,ped_noise,cyc_noise,[97],[94],491,494,245.5,247.0,1.5,AVOIDANCE,OPPOSITE_DIRECTION,APPROACH_AND_ESCAPE,LEFT,CLOSE,3.1132258088457565,1.7866150343408387,VERY_FAST,19.30317482893648,,,,,,,,,,,,,,,MEDIUM,3.5,None,,MEDIUM,4,DECELERATING,DECELERATING,LINEAR,LINEAR,cyc,D2_trajectory.csv
29,ped_cluster,cyc_noise,"[82, 83]",[99],493,494,246.5,247.0,0.5,BYPASSING_GROUP,OPPOSITE_DIRECTION,,BEHIND,MODERATE_DISTANCE,3.2026245353746345,3.0823811846592317,MODERATE,12.079219442454402,False,False,STABLE,0.0,0.0,0.0,0.0,0.0,STABLE,0.0,0.0,0.0,0.0,0.0,,,,,LOW,0,,,,,,D2_trajectory.csv
30,ped_cluster,cyc_noise,"[78, 79]",[94],492,497,246.0,248.5,2.5,OVERTAKING_GROUP,SAME_DIRECTION,,FRONT,CRITICAL_PROXIMITY,2.048921590837234,0.8931394915649885,MODERATE,6.907066185085083,False,False,STABLE,0.0,0.0,0.0,0.0,0.0,STABLE,0.0,0.0,0.0,0.0,0.0,,,,,MEDIUM,1,,,,,,D2_trajectory.csv
31,ped_cluster,cyc_noise,"[73, 74]",[94],494,497,247.0,248.5,1.5,OVERTAKING_GROUP,SAME_DIRECTION,,FRONT,CLOSE,3.410196560938597,2.452124369678022,MODERATE,8.457786798343843,False,False,STABLE,0.0,0.0,0.0,0.0,0.0,STABLE,0.0,0.0,0.0,0.0,0.0,,,,,LOW,0,,,,,,D2_trajectory.csv
32,ped_noise,cyc_noise,[91],[99],496,498,248.0,249.0,1.0,AVOIDANCE,OPPOSITE_DIRECTION,APPROACH_AND_ESCAPE,LEFT,MODERATE_DISTANCE,3.9310689429414207,3.0469042228943586,VERY_FAST,22.679293964282692,,,,,,,,,,,,,,,None,,None,,LOW,2,DECELERATING,DECELERATING,LINEAR,LINEAR,cyc,D2_trajectory.csv
33,ped_cluster,cyc_noise,"[88, 89, 90]",[99],495,501,247.5,250.5,3.0,OVERTAKING_GROUP,SAME_DIRECTION,,FRONT,CRITICAL_PROXIMITY,2.9124392126986214,1.3700392239141195,MODERATE,10.97715583629071,False,False,DENSER,10.974086207036631,2.809867692006455,8.515875059210448,16.47313241088374,0.9228383188236028,STABLE,0.0,0.0,0.0,0.0,0.0,,,,,MEDIUM,1,,,,,,D2_trajectory.csv
34,ped_cluster,cyc_noise,"[96, 95]",[99],499,501,249.5,250.5,1.0,BYPASSING_GROUP,OPPOSITE_DIRECTION,,BEHIND,CLOSE,3.4592015652389043,2.848501962426188,MODERATE,9.817495948641719,False,False,STABLE,0.0,0.0,0.0,0.0,0.0,STABLE,0.0,0.0,0.0,0.0,0.0,,,,,LOW,0,,,,,,D2_trajectory.csv
35,ped_cluster,cyc_noise,"[86, 87]",[99],496,502,248.0,251.0,3.0,OVERTAKING_GROUP,SAME_DIRECTION,,LEFT,CLOSE,3.00519566966354,1.5298880375059432,MODERATE,10.80035259458228,False,False,STABLE,0.0,0.0,0.0,0.0,0.0,STABLE,0.0,0.0,0.0,0.0,0.0,,,,,LOW,0,,,,,,D2_trajectory.csv
36,ped_noise,cyc_noise,[97],[99],500,502,250.0,251.0,1.0,AVOIDANCE,OPPOSITE_DIRECTION,APPROACH_AND_ESCAPE,LEFT,CRITICAL_PROXIMITY,2.4753543686318356,1.2848500878775304,VERY_FAST,20.984758129202447,,,,,,,,,,,,,,,LOW,10.5,None,,MEDIUM,3,DECELERATING,ACCELERATING,LINEAR,LINEAR,cyc,D2_trajectory.csv
37,ped_noise,cyc_noise,[85],[99],504,508,252.0,254.0,2.0,FOLLOWING,SAME_DIRECTION,FRONTAL_APPROACH,BEHIND,CLOSE,3.2244015072490924,2.402513711943086,MODERATE,6.675093652346495,,,,,,,,,,,,,,,LOW,7.0,None,,LOW,0,STABLE,DECELERATING,LINEAR,LINEAR,cyc,D2_trajectory.csv
38,ped_cluster,cyc_noise,"[86, 87, 88, 89, 90]",[104],520,523,260.0,261.5,1.5,BYPASSING_GROUP,OPPOSITE_DIRECTION,,FRONT,CLOSE,3.496825885473354,2.1693838413718005,MODERATE,6.983834899882329,False,False,STABLE,2.3799152500292466,0.008210218055797644,2.370339728685011,2.3905624349121415,0.005450011082352102,STABLE,0.0,0.0,0.0,0.0,0.0,,,,,LOW,0,,,,,,D2_trajectory.csv
39,ped_noise,cyc_noise,[102],[104],521,526,260.5,263.0,2.5,OVERTAKING,SAME_DIRECTION,APPROACH_AND_ESCAPE,LEFT,CLOSE,3.6729900768703208,2.7597142930322542,MODERATE,9.56090866179939,,,,,,,,,,,,,,,LOW,5.5,None,,LOW,0,STABLE,UNKNOWN,LINEAR,LINEAR,cyc,D2_trajectory.csv
40,ped_cluster,cyc_noise,"[100, 101]",[104],523,528,261.5,264.0,2.5,OVERTAKING_GROUP,SAME_DIRECTION,,BEHIND,CLOSE,2.9381595010015107,1.7643458919794772,MODERATE,11.038078349454445,False,False,STABLE,0.0,0.0,0.0,0.0,0.0,STABLE,0.0,0.0,0.0,0.0,0.0,,,,,LOW,0,,,,,,D2_trajectory.csv
41,ped_noise,cyc_noise,[98],[104],526,528,263.0,264.0,1.0,AVOIDANCE,OPPOSITE_DIRECTION,FRONTAL_APPROACH,RIGHT,CLOSE,2.871607272050071,1.9150582433082202,VERY_FAST,21.43878565878295,,,,,,,,,,,,,,,LOW,5.5,None,,MEDIUM,3,STABLE,DECELERATING,LINEAR,LINEAR,cyc,D2_trajectory.csv
42,ped_noise,cyc_noise,[98],[107],533,536,266.5,268.0,1.5,AVOIDANCE,OPPOSITE_DIRECTION,APPROACH_AND_ESCAPE,LEFT,CLOSE,3.0157104375954233,1.5476991808359846,VERY_FAST,18.797536394550875,,,,,,,,,,,,,,,LOW,7.5,None,,MEDIUM,3,STABLE,UNKNOWN,LINEAR,LINEAR,cyc,D2_trajectory.csv
43,ped_noise,cyc_noise,[103],[104],536,539,268.0,269.5,1.5,AVOIDANCE,OPPOSITE_DIRECTION,APPROACH_AND_ESCAPE,RIGHT,CLOSE,3.6415260007204315,2.518068417374105,VERY_FAST,18.51037117589963,,,,,,,,,,,,,,,LOW,26.5,None,,MEDIUM,3,DECELERATING,DECELERATING,LINEAR,LINEAR,cyc,D2_trajectory.csv
44,ped_noise,cyc_noise,[102],[107],536,540,268.0,270.0,2.0,OVERTAKING,SAME_DIRECTION,APPROACH_AND_ESCAPE,LEFT,CLOSE,3.255980469201833,2.554288607247051,MODERATE,9.999625101770306,,,,,,,,,,,,,,,LOW,7.0,LOW,16.25692303549493,LOW,0,ACCELERATING,DECELERATING,LINEAR,LINEAR,cyc,D2_trajectory.csv
45,ped_cluster,cyc_noise,"[105, 106]",[104],540,542,270.0,271.0,1.0,BYPASSING_GROUP,OPPOSITE_DIRECTION,,BEHIND,MODERATE_DISTANCE,4.354392828522296,4.0676381167075295,MODERATE,8.211952500183912,False,False,STABLE,0.0,0.0,0.0,0.0,0.0,STABLE,0.0,0.0,0.0,0.0,0.0,,,,,LOW,0,,,,,,D2_trajectory.csv
46,ped_cluster,cyc_noise,"[100, 101, 102]",[107],537,543,268.5,271.5,3.0,OVERTAKING_GROUP,SAME_DIRECTION,,BEHIND,CRITICAL_PROXIMITY,2.8016027382076536,1.3944649242291738,MODERATE,9.808067453559056,False,False,DENSER,10.605652573349076,2.3950295520155906,7.475081644800998,15.829552177503402,1.2222726961445034,STABLE,0.0,0.0,0.0,0.0,0.0,,,,,MEDIUM,1,,,,,,D2_trajectory.csv
47,ped_noise,cyc_noise,[103],[107],544,547,272.0,273.5,1.5,AVOIDANCE,OPPOSITE_DIRECTION,APPROACH_AND_ESCAPE,RIGHT,CLOSE,3.2758205326993,2.202756692173613,VERY_FAST,19.767433322042876,,,,,,,,,,,,,,,LOW,11.0,None,,MEDIUM,3,DECELERATING,DECELERATING,LINEAR,LINEAR,cyc,D2_trajectory.csv
48,ped_cluster,cyc_noise,"[105, 106]",[107],548,551,274.0,275.5,1.5,BYPASSING_GROUP,OPPOSITE_DIRECTION,,BEHIND,MODERATE_DISTANCE,3.9324359966904803,3.0069500952858492,MODERATE,8.271086690513654,False,False,STABLE,0.0,0.0,0.0,0.0,0.0,STABLE,0.0,0.0,0.0,0.0,0.0,,,,,LOW,0,,,,,,D2_trajectory.csv
49,ped_cluster,cyc_noise,"[100, 101, 102]",[109],559,561,279.5,280.5,1.0,BYPASSING_GROUP,OPPOSITE_DIRECTION,,BEHIND,MODERATE_DISTANCE,4.256091036477439,3.759469483278223,MODERATE,8.71235696387943,False,False,DISPERSED,15.956740140562959,12.90520582389125,4.979484492954968,34.072378690219246,-29.092894197264275,STABLE,0.0,0.0,0.0,0.0,0.0,,,,,LOW,0,,,,,,D2_trajectory.csv
50,ped_noise,cyc_noise,[103],[109],566,572,283.0,286.0,3.0,OVERTAKING,SAME_DIRECTION,APPROACH_AND_ESCAPE,RIGHT,MODERATE_DISTANCE,3.795477678777736,3.2951717638139075,MODERATE,7.756748537750842,,,,,,,,,,,,,,,None,,None,,LOW,0,DECELERATING,ACCELERATING,LINEAR,LINEAR,cyc,D2_trajectory.csv
51,ped_noise,cyc_noise,[103],[111],566,572,283.0,286.0,3.0,AVOIDANCE,OPPOSITE_DIRECTION,APPROACH_AND_ESCAPE,LEFT,CRITICAL_PROXIMITY,2.631087180006838,0.676445833059454,MODERATE,10.346630678517526,,,,,,,,,,,,,,,LOW,8.5,None,,LOW,1,DECELERATING,STABLE,LINEAR,LINEAR,cyc,D2_trajectory.csv
52,ped_cluster,cyc_noise,"[105, 106]",[111],576,582,288.0,291.0,3.0,BYPASSING_GROUP,OPPOSITE_DIRECTION,,BEHIND,CLOSE,3.2083561325037,2.3841453535324275,VERY_SLOW,0.44519325762226986,False,False,STABLE,0.0,0.0,0.0,0.0,0.0,STABLE,0.0,0.0,0.0,0.0,0.0,,,,,LOW,0,,,,,,D2_trajectory.csv
53,ped_noise,cyc_noise,[112],[111],594,599,297.0,299.5,2.5,AVOIDANCE,OPPOSITE_DIRECTION,APPROACH_AND_ESCAPE,LEFT,CLOSE,3.028614007771386,1.7900888947992377,MODERATE,11.867669947697053,,,,,,,,,,,,,,,LOW,21.5,None,,LOW,0,STABLE,DECELERATING,LINEAR,LINEAR,cyc,D2_trajectory.csv
54,ped_noise,cyc_noise,[117],[111],614,619,307.0,309.5,2.5,AVOIDANCE,OPPOSITE_DIRECTION,APPROACH_AND_ESCAPE,RIGHT,CLOSE,3.744231023084202,2.9422134014038006,MODERATE,10.646792778332328,,,,,,,,,,,,,,,LOW,60.0,None,,LOW,0,UNKNOWN,ACCELERATING,LINEAR,LINEAR,cyc,D2_trajectory.csv
55,ped_noise,cyc_noise,[110],[111],557,626,278.5,313.0,34.5,OVERTAKING,SAME_DIRECTION,APPROACH_AND_ESCAPE,LEFT,CRITICAL_PROXIMITY,1.66130603461709,1.22561740913759,MODERATE,1.5295934247483836,,,,,,,,,,,,,,,CRITICAL,0.5,LOW,7.572574314988496,MEDIUM,4,STABLE,UNKNOWN,LINEAR,MODERATE_DEVIATION,cyc,D2_trajectory.csv
56,ped_noise,cyc_noise,[120],[121],700,702,350.0,351.0,1.0,OVERTAKING,SAME_DIRECTION,LATERAL_APPROACH,RIGHT,MODERATE_DISTANCE,3.8990711581180064,3.410879137087834,MODERATE,7.59844548492605,,,,,,,,,,,,,,,LOW,9.0,None,,LOW,0,UNKNOWN,UNKNOWN,LINEAR,LINEAR,cyc,D2_trajectory.csv
57,ped_cluster,cyc_noise,"[122, 123, 124, 125]",[121],716,718,358.0,359.0,1.0,BYPASSING_GROUP,OPPOSITE_DIRECTION,,BEHIND,CLOSE,3.7570418586838756,2.94287014637878,MODERATE,10.830026789940229,False,False,DENSER,31.911235876906147,18.46443830706999,18.57944657770749,58.021943936634145,38.889626820257334,STABLE,0.0,0.0,0.0,0.0,0.0,,,,,LOW,0,,,,,,D2_trajectory.csv
58,ped_noise,cyc_noise,[127],[132],832,833,416.0,416.5,0.5,AVOIDANCE,OPPOSITE_DIRECTION,FRONTAL_APPROACH,RIGHT,CLOSE,2.8667908676159803,2.3417100686234855,VERY_FAST,26.941287808653293,,,,,,,,,,,,,,,LOW,20.0,None,,MEDIUM,3,DECELERATING,UNKNOWN,LINEAR,LINEAR,both,D2_trajectory.csv
59,ped_cluster,cyc_noise,"[134, 135, 136]",[133],834,835,417.0,417.5,0.5,OVERTAKING_GROUP,SAME_DIRECTION,,LEFT,MODERATE_DISTANCE,4.027320222359735,3.348782695071441,FAST,13.250511676000098,False,False,DENSER,13.688851229635057,1.4066290988834265,12.28222213075163,15.095480328518484,5.626516395533706,STABLE,0.0,0.0,0.0,0.0,0.0,,,,,MEDIUM,1,,,,,,D2_trajectory.csv
60,ped_cluster,cyc_noise,"[129, 130]",[132],841,842,420.5,421.0,0.5,BYPASSING_GROUP,OPPOSITE_DIRECTION,,BEHIND,MODERATE_DISTANCE,4.054058394290731,3.9756102944297353,MODERATE,11.547922342899154,False,False,STABLE,0.0,0.0,0.0,0.0,0.0,STABLE,0.0,0.0,0.0,0.0,0.0,,,,,LOW,0,,,,,,D2_trajectory.csv
61,ped_noise,cyc_noise,[131],[132],842,843,421.0,421.5,0.5,AVOIDANCE,OPPOSITE_DIRECTION,FRONTAL_APPROACH,RIGHT,MODERATE_DISTANCE,4.556774185721547,4.3757411951305425,VERY_FAST,23.92670386382768,,,,,,,,,,,,,,,None,,None,,LOW,2,ACCELERATING,ACCELERATING,LINEAR,LINEAR,both,D2_trajectory.csv
62,ped_cluster,cyc_noise,"[134, 135, 136]",[132],844,846,422.0,423.0,1.0,BYPASSING_GROUP,OPPOSITE_DIRECTION,,BEHIND,CLOSE,3.2242806492014577,1.786011900122156,FAST,14.917522067561793,False,False,DISPERSED,29.396162162504982,17.307490544537334,9.510618282506808,51.69804822413003,-24.718228243251914,STABLE,0.0,0.0,0.0,0.0,0.0,,,,,HIGH,2,,,,,,D2_trajectory.csv
63,ped_noise,cyc_noise,[137],[133],848,850,424.0,425.0,1.0,AVOIDANCE,OPPOSITE_DIRECTION,APPROACH_AND_ESCAPE,LEFT,CLOSE,3.7868593073804573,2.8024368514449125,VERY_FAST,23.725022215319573,,,,,,,,,,,,,,,LOW,10.5,None,,MEDIUM,3,ACCELERATING,DECELERATING,LINEAR,LINEAR,cyc,D2_trajectory.csv
