time_step,object_id,user_type,tl_x,tl_y,br_x,br_y,__file__,x_m,y_m
0,0,1,35.693,13.056,36.473,13.904,P2_01_02_14.csv,36.083,13.48
1,0,1,35.669,13.031,36.486,13.917,P2_01_02_14.csv,36.07932119205298,13.475986754966888
2,0,1,35.719,13.031,36.535,13.917,P2_01_02_14.csv,36.10864456395127,13.473992635486557
3,0,1,35.731,13.018,36.548,13.905,P2_01_02_14.csv,36.130871128895414,13.465996656757783
4,0,1,35.769,13.018,36.585,13.905,P2_01_02_14.csv,36.16174483929098,13.461749184976064
5,0,1,36.106,12.97,36.748,13.843,P2_01_02_14.csv,36.29733499277032,13.433469787301835
13,0,1,36.081,12.945,36.823,13.893,P2_01_02_14.csv,36.39235122322833,13.421436281151685
14,0,1,36.056,12.957,36.81,13.88,P2_01_02_14.csv,36.44382431034996,13.414028589868309
15,0,1,36.094,12.957,36.848,13.88,P2_01_02_14.csv,36.48926455432221,13.409843207948557
16,0,1,36.119,12.957,36.873,13.88,P2_01_02_14.csv,36.52561215633986,13.407851153514992
17,0,1,36.143,12.957,36.898,13.88,P2_01_02_14.csv,36.55539033429368,13.407365906622292
18,0,1,36.181,12.945,36.935,13.868,P2_01_02_14.csv,36.585467054986694,13.403410819501714
19,0,1,36.206,12.933,36.96,13.856,P2_01_02_14.csv,36.61156809401825,13.396710286351265
20,0,1,36.243,12.945,36.997,13.868,P2_01_02_14.csv,36.63947278297994,13.396746572955474
21,0,1,36.281,12.933,37.035,13.856,P2_01_02_14.csv,36.66956909167535,13.39310962991721
22,0,1,36.306,12.933,37.06,13.856,P2_01_02_14.csv,36.696868827368384,13.390924354244572
23,0,1,36.343,12.933,37.097,13.856,P2_01_02_14.csv,36.726644218473474,13.389829181588818
24,0,1,36.381,12.933,37.135,13.856,P2_01_02_14.csv,36.758924666821784,13.389509370224877
25,0,1,36.406,12.933,37.16,13.856,P2_01_02_14.csv,36.78844643699875,13.389704348206244
26,0,1,36.443,12.933,37.197,13.856,P2_01_02_14.csv,36.820293238207306,13.390208623419273
27,0,1,36.468,12.921,37.222,13.844,P2_01_02_14.csv,36.84959180660046,13.386442644820413
28,0,1,36.506,12.908,37.26,13.831,P2_01_02_14.csv,36.88173421638512,13.378958379427527
29,0,1,36.531,12.921,37.285,13.844,P2_01_02_14.csv,36.91134357112401,13.37827585804006
30,0,1,36.568,12.909,37.322,13.832,P2_01_02_14.csv,36.94341232988582,13.373756014762458
31,0,1,36.605,12.921,37.359,13.844,P2_01_02_14.csv,36.977425371876656,13.375068383360952
32,0,1,36.63,12.909,37.384,13.832,P2_01_02_14.csv,37.008478800722095,13.372062982392077
33,0,1,36.655,12.921,37.409,13.844,P2_01_02_14.csv,37.03718290120547,13.374465741305169
34,0,1,36.693,12.909,37.447,13.832,P2_01_02_14.csv,37.06890249284037,13.372196719314447
35,0,1,36.718,12.909,37.472,13.832,P2_01_02_14.csv,37.098231860320496,13.370629445082802
36,0,1,36.743,12.909,37.497,13.832,P2_01_02_14.csv,37.12570826160108,13.369629718766744
37,0,1,36.768,12.909,37.522,13.832,P2_01_02_14.csv,37.1518180963949,13.369067726352798
38,0,1,36.805,12.909,37.559,13.832,P2_01_02_14.csv,37.181401253674146,13.368826734690428
39,0,1,36.83,12.897,37.584,13.82,P2_01_02_14.csv,37.20934223650721,13.364383305719295
40,0,1,36.868,12.885,37.621,13.807,P2_01_02_14.csv,37.240621396268764,13.356502068307867
41,0,1,36.905,12.897,37.659,13.82,P2_01_02_14.csv,37.274502270875516,13.355300671550328
42,0,1,36.93,12.885,37.684,13.808,P2_01_02_14.csv,37.3057046218804,13.350372180240955
43,0,1,36.967,12.897,37.721,13.82,P2_01_02_14.csv,37.339147411541774,13.351377327695081
44,0,1,37.005,12.885,37.759,13.808,P2_01_02_14.csv,37.37465594591533,13.348153588641281
45,0,1,37.042,12.885,37.796,13.808,P2_01_02_14.csv,37.411297886799595,13.345987011780712
46,0,1,37.079,12.885,37.833,13.808,P2_01_02_14.csv,37.44868381242381,13.344659981733187
47,0,1,37.117,12.885,37.871,13.808,P2_01_02_14.csv,37.48687744832153,13.343968408577588
48,0,1,37.154,12.885,37.908,13.808,P2_01_02_14.csv,37.52519693113074,13.343732957186484
49,0,1,37.179,12.885,37.933,13.808,P2_01_02_14.csv,37.55906678752402,13.343804169572795
50,0,1,37.217,12.886,37.971,13.808,P2_01_02_14.csv,37.59421569886496,13.344247667956944
51,0,1,37.254,12.886,38.008,13.808,P2_01_02_14.csv,37.630029942806694,13.34474634180353
52,0,1,37.291,12.886,38.045,13.808,P2_01_02_14.csv,37.66635843488826,13.34524022642073
53,0,1,37.316,12.886,38.07,13.809,P2_01_02_14.csv,37.69864069823422,13.34587618894958
54,0,1,37.341,12.873,38.095,13.796,P2_01_02_14.csv,37.72778990782982,13.341613779373278
55,0,1,37.379,12.874,38.133,13.796,P2_01_02_14.csv,37.75942442289747,13.33854197777528
56,0,1,37.416,12.874,38.17,13.796,P2_01_02_14.csv,37.79276503030801,13.336321278571146
57,0,1,37.478,12.948,38.494,13.785,P2_01_02_14.csv,37.88498853623787,13.346427956293814
58,0,1,37.578,12.911,38.344,13.822,P2_01_02_14.csv,37.94201923413005,13.354403269809714
59,0,1,37.615,12.911,38.382,13.822,P2_01_02_14.csv,37.993357353037666,13.36039934333158
60,0,1,37.628,12.912,38.394,13.822,P2_01_02_14.csv,38.03078500033174,13.364853819117977
61,0,1,37.678,12.912,38.444,13.822,P2_01_02_14.csv,38.07127587949458,13.367836516101415
62,0,1,37.703,12.912,38.469,13.822,P2_01_02_14.csv,38.10523901131109,13.36965306800553
63,0,1,37.74,12.912,38.506,13.822,P2_01_02_14.csv,38.13879315429087,13.370589081942056
64,0,1,37.765,12.912,38.531,13.822,P2_01_02_14.csv,38.16793865298337,13.37089482896297
65,0,1,37.79,12.912,38.556,13.822,P2_01_02_14.csv,38.193971532445154,13.370778386631663
66,0,1,37.827,12.912,38.594,13.822,P2_01_02_14.csv,38.22256588362072,13.370404662328387
67,0,1,37.865,12.912,38.631,13.822,P2_01_02_14.csv,38.25348492758392,13.369898206747353
68,0,1,37.889,12.912,38.656,13.822,P2_01_02_14.csv,38.28160155174584,13.369348196646717
69,0,1,37.927,12.912,38.693,13.822,P2_01_02_14.csv,38.31245453183202,13.368814391171966
70,0,1,37.964,12.912,38.731,13.823,P2_01_02_14.csv,38.345563151575945,13.368517572692777
71,0,1,37.977,12.912,38.743,13.823,P2_01_02_14.csv,38.371227548569216,13.368249335622131
72,0,1,38.002,12.913,38.756,13.81,P2_01_02_14.csv,38.39354278606407,13.365808337497866
74,0,1,38.014,12.925,38.768,13.823,P2_01_02_14.csv,38.41089943619349,13.368533560480357
75,0,1,38.039,12.925,38.793,13.823,P2_01_02_14.csv,38.429492969898114,13.370688368446274
76,0,1,38.064,12.913,38.818,13.81,P2_01_02_14.csv,38.44937639255853,13.367703276170586
77,0,1,38.101,12.913,38.855,13.81,P2_01_02_14.csv,38.474904914211535,13.36532586361478
78,0,1,38.126,12.913,38.88,13.81,P2_01_02_14.csv,38.500484497999835,13.363520985512501
79,0,1,38.151,12.913,38.905,13.81,P2_01_02_14.csv,38.526050267038165,13.362220963305784
80,0,1,38.188,12.913,38.942,13.811,P2_01_02_14.csv,38.55598659677941,13.361527300284896
81,0,1,38.213,12.913,38.967,13.811,P2_01_02_14.csv,38.584819131654676,13.361126939783968
82,0,1,38.251,12.913,39.005,13.811,P2_01_02_14.csv,38.617443232425835,13.360943555930016
83,0,1,38.276,12.913,39.03,13.811,P2_01_02_14.csv,38.64809522240887,13.360911723218685
84,0,1,38.301,12.913,39.055,13.811,P2_01_02_14.csv,38.67705311152149,13.360978096097746
85,0,1,38.338,12.913,39.092,13.811,P2_01_02_14.csv,38.70905125191426,13.361101193838689
86,0,1,38.375,12.914,39.129,13.811,P2_01_02_14.csv,38.74336616864253,13.361434665145048
87,0,1,38.413,12.914,39.167,13.811,P2_01_02_14.csv,38.779725728294686,13.361729836602686
88,0,1,38.438,12.914,39.192,13.811,P2_01_02_14.csv,38.812713518906385,13.361977375918062
89,0,1,38.475,12.914,39.229,13.811,P2_01_02_14.csv,38.84736222903945,13.362175176110188
90,0,1,38.512,12.901,39.266,13.799,P2_01_02_14.csv,38.883246322769054,13.357717280437598
91,0,1,38.55,12.914,39.304,13.811,P2_01_02_14.csv,38.92036768200477,13.358898349922534
92,0,1,38.698,13.039,39.181,13.587,P2_01_02_14.csv,38.94893845617793,13.341680174001867
93,0,1,38.649,13.014,39.23,13.65,P2_01_02_14.csv,38.96622564273632,13.33553635248845
94,0,1,38.761,13.039,39.242,13.637,P2_01_02_14.csv,38.99787433785906,13.33358880968167
95,0,1,38.649,12.927,39.341,13.749,P2_01_02_14.csv,39.01574621005427,13.332709791444126
96,0,1,38.761,12.964,39.329,13.7,P2_01_02_14.csv,39.04381488710275,13.330363072300868
97,0,1,38.799,12.952,39.329,13.712,P2_01_02_14.csv,39.06863423071006,13.329011618832673
98,0,1,38.86,13.052,39.317,13.7,P2_01_02_14.csv,39.09296762273783,13.34461806701508
99,0,1,38.885,13.027,39.392,13.662,P2_01_02_14.csv,39.12640896511345,13.345350473040108
100,0,1,38.885,12.99,39.466,13.687,P2_01_02_14.csv,39.16212303198874,13.343533158723096
101,0,1,38.923,12.99,39.491,13.687,P2_01_02_14.csv,39.197346300554834,13.341985952381199
102,0,1,38.948,13.002,39.678,13.7,P2_01_02_14.csv,39.259431016691714,13.345340781187753
103,0,1,38.998,12.977,39.616,13.713,P2_01_02_14.csv,39.3006701685939,13.345696267537543
104,0,1,39.022,12.977,39.64,13.713,P2_01_02_14.csv,39.33605641991028,13.34586536883147
105,0,1,39.06,12.978,39.678,13.713,P2_01_02_14.csv,39.37200456540918,13.346087709842507
106,0,1,39.085,12.978,39.703,13.713,P2_01_02_14.csv,39.40367755127227,13.346181380137542
107,0,1,39.11,12.978,39.728,13.713,P2_01_02_14.csv,39.432121366464635,13.346186376248415
108,0,1,38.96,13.089,39.952,13.614,P2_01_02_14.csv,39.462677168197594,13.348347111896578
109,0,1,38.922,13.064,39.877,13.664,P2_01_02_14.csv,39.46060615338716,13.354570306067203
110,0,1,39.097,13.015,39.727,13.725,P2_01_02_14.csv,39.459052067119195,13.361460450317557
111,0,1,39.022,13.089,39.405,13.463,P2_01_02_14.csv,39.38114818895969,13.331832293781474
112,0,1,39.022,13.102,39.38,13.538,P2_01_02_14.csv,39.314037294767274,13.324913660043478
113,0,1,39.084,13.127,39.455,13.488,P2_01_02_14.csv,39.28794287110547,13.315546836993601
114,0,1,38.973,12.977,39.566,13.65,P2_01_02_14.csv,39.270003720685935,13.31120618744147
115,0,1,39.309,13.016,39.877,13.701,P2_01_02_14.csv,39.3779084802331,13.325239014315416
116,0,1,39.209,12.978,39.902,13.763,P2_01_02_14.csv,39.44929464957066,13.341165125801462
117,0,1,39.271,13.028,39.939,13.738,P2_01_02_14.csv,39.52105026126889,13.35815888678819
118,0,1,39.321,13.003,40.039,13.714,P2_01_02_14.csv,39.60067228211771,13.361828223944869
119,0,1,39.433,12.954,40.001,13.738,P2_01_02_14.csv,39.670883152114094,13.359271703319694
120,0,1,39.533,12.942,40.038,13.776,P2_01_02_14.csv,39.74412747358316,13.361396152015322
121,0,1,39.483,12.979,40.038,13.776,P2_01_02_14.csv,39.78443772529679,13.369367655085659
122,0,1,39.458,13.041,40.138,13.764,P2_01_02_14.csv,39.821809897733495,13.384263489009568
123,0,1,39.483,13.016,40.225,13.751,P2_01_02_14.csv,39.86415807335227,13.38811138029924
124,0,1,39.557,13.029,40.225,13.702,P2_01_02_14.csv,39.90372733766959,13.383537855246159
125,0,1,39.595,13.029,40.288,13.714,P2_01_02_14.csv,39.9463153605345,13.381429441565643
126,0,1,39.669,13.041,40.225,13.714,P2_01_02_14.csv,39.974846932204244,13.381521542548677
127,0,1,39.47,13.078,40.437,13.665,P2_01_02_14.csv,39.99304318045553,13.379048036751565
128,0,1,39.495,13.128,40.487,13.653,P2_01_02_14.csv,40.01521454392074,13.383891786950244
129,0,1,39.482,13.128,40.512,13.603,P2_01_02_14.csv,40.02949977470942,13.37825761287902
130,0,1,39.532,13.066,40.537,13.64,P2_01_02_14.csv,40.0497616948061,13.369078443576978
131,0,1,39.445,13.053,40.537,13.64,P2_01_02_14.csv,40.04530284740451,13.359609530471603
132,0,1,39.483,13.041,40.537,13.628,P2_01_02_14.csv,40.045178308952,13.348165819281753
133,0,1,39.707,13.041,40.5,13.64,P2_01_02_14.csv,40.07677675271071,13.34206754411508
134,0,1,39.732,13.042,40.524,13.653,P2_01_02_14.csv,40.10788139993834,13.34067387379626
135,0,1,39.682,13.029,40.5,13.64,P2_01_02_14.csv,40.115475325972305,13.335543480440126
136,0,1,39.819,13.042,40.375,13.64,P2_01_02_14.csv,40.12053690013286,13.334618143646207
137,0,1,39.831,13.054,40.388,13.652,P2_01_02_14.csv,40.1264707895732,13.338965273312878
138,0,1,39.843,13.067,40.4,13.665,P2_01_02_14.csv,40.13329275243664,13.347617730379602
139,0,1,39.856,13.079,40.412,13.677,P2_01_02_14.csv,40.141271133619945,13.358964948496839
140,0,1,39.868,13.092,40.425,13.69,P2_01_02_14.csv,40.15033884390817,13.372433959451632
141,0,1,39.881,13.104,40.437,13.702,P2_01_02_14.csv,40.16036697604122,13.386836535644557
142,0,1,39.893,13.117,40.449,13.715,P2_01_02_14.csv,40.17101349539395,13.40200627336393
143,0,1,39.905,13.129,40.462,13.727,P2_01_02_14.csv,40.18234229536797,13.417119247327012
144,0,1,39.918,13.141,40.474,13.74,P2_01_02_14.csv,40.194194886446596,13.432133386565328
145,0,1,39.93,13.154,40.486,13.752,P2_01_02_14.csv,40.20624525092612,13.446885368519357
146,0,1,39.942,13.166,40.499,13.765,P2_01_02_14.csv,40.218600813887335,13.461292915191082
147,0,1,39.955,13.179,40.511,13.777,P2_01_02_14.csv,40.23116052911602,13.475331450544465
148,0,1,39.967,13.191,40.524,13.789,P2_01_02_14.csv,40.24384438378176,13.488830436133973
149,0,1,39.979,13.204,40.536,13.802,P2_01_02_14.csv,40.25640765801298,13.502238380570331
150,0,1,39.992,13.216,40.548,13.814,P2_01_02_14.csv,40.26903439621085,13.515187749861516
151,0,1,40.004,13.229,40.561,13.827,P2_01_02_14.csv,40.281691130065546,13.528140868288224
152,0,1,40.017,13.241,40.573,13.839,P2_01_02_14.csv,40.29435434726172,13.54073139229402
153,0,1,40.029,13.254,40.585,13.852,P2_01_02_14.csv,40.30682434587236,13.55341477152525
154,0,1,40.041,13.266,40.598,13.864,P2_01_02_14.csv,40.31931936222691,13.565813242427703
155,0,1,40.054,13.279,40.61,13.877,P2_01_02_14.csv,40.331830568603046,13.578368872478496
156,0,1,40.066,13.291,40.623,13.889,P2_01_02_14.csv,40.344351105556335,13.590690340492081
157,0,1,40.078,13.303,40.635,13.902,P2_01_02_14.csv,40.35669155811772,13.603022779623226
158,0,1,40.155,12.993,41.009,13.803,P2_01_02_14.csv,40.447605792849004,13.535370533891754
159,0,1,40.291,13.118,40.847,13.716,P2_01_02_14.csv,40.51088659965489,13.488750972631953
160,0,1,40.303,13.13,40.86,13.728,P2_01_02_14.csv,40.5600626341412,13.458042648233913
161,0,1,40.316,13.142,40.872,13.741,P2_01_02_14.csv,40.5974200288968,13.440957049661895
162,0,1,40.328,13.155,40.885,13.753,P2_01_02_14.csv,40.62534110377186,13.434822395885545
163,0,1,40.34,13.167,40.897,13.766,P2_01_02_14.csv,40.64589527198437,13.43708184482585
0,1,2,18.567,13.248,20.15,13.828,P2_01_02_14.csv,19.3585,13.538
1,1,2,18.517,13.223,20.176,13.829,P2_01_02_14.csv,19.350473509933774,13.529973509933775
2,1,2,18.72,13.211,20.378,13.816,P2_01_02_14.csv,19.473922467699207,13.518118777348045
3,1,2,18.91,13.199,20.568,13.804,P2_01_02_14.csv,19.645687461267293,13.505548000792073
4,1,2,19.112,13.199,20.77,13.805,P2_01_02_14.csv,19.84115356962876,13.49939000249539
5,1,2,19.314,13.187,20.972,13.793,P2_01_02_14.csv,20.04645408977803,13.490643938930166
6,1,2,19.504,13.175,21.162,13.781,P2_01_02_14.csv,20.25098537922876,13.48042924890223
7,1,2,19.706,13.163,21.364,13.769,P2_01_02_14.csv,20.459509772297547,13.469326013854312
8,1,2,19.921,13.151,21.578,13.757,P2_01_02_14.csv,20.675229942983975,13.457654628161169
9,1,2,20.098,13.139,21.755,13.745,P2_01_02_14.csv,20.881065836273546,13.445610461176924
10,1,2,20.3,13.14,21.957,13.745,P2_01_02_14.csv,21.088678039495633,13.438041606741466
11,1,2,20.515,13.128,22.172,13.733,P2_01_02_14.csv,21.301990175016915,13.429150326747328
12,1,2,20.705,13.116,22.361,13.721,P2_01_02_14.csv,21.509644171412393,13.419210041976763
13,1,2,20.907,13.104,22.563,13.709,P2_01_02_14.csv,21.717026668855226,13.408453558314628
14,1,2,21.121,13.117,22.777,13.722,P2_01_02_14.csv,21.928266388403774,13.406309225850412
15,1,2,21.311,13.092,22.967,13.697,P2_01_02_14.csv,22.133314882520057,13.396779889031983
16,1,2,21.513,13.093,23.168,13.698,P2_01_02_14.csv,22.337506353181755,13.390952852818918
17,1,2,21.727,13.094,23.383,13.698,P2_01_02_14.csv,22.545737908658385,13.38782097428683
18,1,2,21.929,13.082,23.584,13.686,P2_01_02_14.csv,22.752223242491738,13.382068751001784
19,1,2,22.131,13.07,23.786,13.674,P2_01_02_14.csv,22.957394346083717,13.374165865773541
20,1,2,22.333,13.083,23.988,13.687,P2_01_02_14.csv,23.16148388572849,13.373799336923703
21,1,2,22.547,13.071,24.202,13.675,P2_01_02_14.csv,23.369149741797326,13.370032842638404
22,1,2,22.749,13.059,24.403,13.663,P2_01_02_14.csv,23.574967104902022,13.363466135419836
23,1,2,22.951,13.072,24.605,13.676,P2_01_02_14.csv,23.7794590139749,13.36391799958586
24,1,2,23.165,13.06,24.819,13.664,P2_01_02_14.csv,23.987340655565742,13.360579799851697
25,1,2,23.367,13.06,25.02,13.665,P2_01_02_14.csv,24.193239595575964,13.358769551183242
26,1,2,23.593,13.073,25.247,13.678,P2_01_02_14.csv,24.40675462610679,13.362716074716818
27,1,2,23.782,13.061,25.436,13.666,P2_01_02_14.csv,24.612283639819175,13.36179902222432
28,1,2,23.996,13.062,25.65,13.666,P2_01_02_14.csv,24.820674897252765,13.361539567658
29,1,2,24.223,13.075,25.876,13.679,P2_01_02_14.csv,25.03592734506162,13.366364188747088
30,1,2,24.424,13.063,26.077,13.667,P2_01_02_14.csv,25.247003525645813,13.3658308697372
31,1,2,24.626,13.064,26.278,13.668,P2_01_02_14.csv,25.454826911556548,13.365796847671946
32,1,2,24.877,13.102,26.529,13.706,P2_01_02_14.csv,25.6783443173116,13.379801596153175
33,1,2,25.054,13.065,26.706,13.669,P2_01_02_14.csv,25.8866704110729,13.376924276965797
34,1,2,25.255,13.065,26.907,13.669,P2_01_02_14.csv,26.091765474196364,13.37431925009179
35,1,2,25.456,13.053,27.108,13.657,P2_01_02_14.csv,26.29449536982827,13.367668871668208
36,1,2,25.682,13.079,27.334,13.683,P2_01_02_14.csv,26.504811812847475,13.372049634058316
37,1,2,25.884,13.079,27.535,13.683,P2_01_02_14.csv,26.71213107199121,13.375526422654978
38,1,2,26.11,13.093,27.761,13.696,P2_01_02_14.csv,26.926128612174168,13.383133536492608
39,1,2,26.311,13.081,27.962,13.684,P2_01_02_14.csv,27.136078743192463,13.384414901111423
40,1,2,26.525,13.081,28.176,13.685,P2_01_02_14.csv,27.34755547646486,13.385256038369095
41,1,2,26.738,13.082,28.389,13.686,P2_01_02_14.csv,27.55982777514378,13.385976492055821
42,1,2,27.065,13.083,28.753,13.686,P2_01_02_14.csv,27.821511078291294,13.386458624820934
43,1,2,27.077,13.095,28.728,13.699,P2_01_02_14.csv,27.991270328798066,13.391215957435044
44,1,2,27.303,13.108,28.954,13.712,P2_01_02_14.csv,28.174711503690727,13.39947182105891
45,1,2,27.479,13.096,29.129,13.7,P2_01_02_14.csv,28.35155312959782,13.40109614460601
46,1,2,27.693,13.109,29.343,13.713,P2_01_02_14.csv,28.53831619264224,13.406668519138664
47,1,2,28.082,13.11,29.832,13.689,P2_01_02_14.csv,28.816461327712673,13.406290702165082
48,1,2,28.095,13.11,29.744,13.701,P2_01_02_14.csv,28.989398964963392,13.407724741909409
49,1,2,28.558,13.149,30.296,13.69,P2_01_02_14.csv,29.280131318263184,13.413614911477818
50,1,2,28.571,13.137,30.22,13.715,P2_01_02_14.csv,29.463730509213786,13.420197518357963
51,1,2,29.01,13.175,30.684,13.704,P2_01_02_14.csv,29.740679782918924,13.429791510878628
52,1,2,28.985,13.163,30.634,13.728,P2_01_02_14.csv,29.910143620537454,13.438831838086701
53,1,2,29.211,13.176,30.859,13.741,P2_01_02_14.csv,30.09227055864818,13.449861862848218
54,1,2,29.411,13.189,31.06,13.754,P2_01_02_14.csv,30.27662094607729,13.462304535835822
55,1,2,29.637,13.202,31.285,13.767,P2_01_02_14.csv,30.472875356307696,13.47568331557603
56,1,2,29.85,13.227,31.498,13.793,P2_01_02_14.csv,30.674360076453077,13.494231554914611
57,1,2,30.05,13.24,31.698,13.806,P2_01_02_14.csv,30.875268790672727,13.511987120264042
58,1,2,30.263,13.266,31.911,13.831,P2_01_02_14.csv,31.080534584090653,13.533472983621225
59,1,2,30.488,13.291,32.136,13.857,P2_01_02_14.csv,31.29358982014789,13.557632779497117
60,1,2,30.701,13.317,32.349,13.882,P2_01_02_14.csv,31.508087476912507,13.583587151891647
61,1,2,30.901,13.342,32.549,13.908,P2_01_02_14.csv,31.718583835196505,13.610638362774955
62,1,2,31.114,13.368,32.761,13.933,P2_01_02_14.csv,31.930328706701886,13.638258770983148
63,1,2,31.352,13.381,32.999,13.946,P2_01_02_14.csv,32.152323281012094,13.661461465087772
64,1,2,31.564,13.406,33.211,13.972,P2_01_02_14.csv,32.372474504865465,13.685673116682908
65,1,2,31.79,13.432,33.436,13.997,P2_01_02_14.csv,32.59579160365225,13.710624103023326
66,1,2,32.015,13.457,33.661,14.022,P2_01_02_14.csv,32.82109646251459,13.735901120400017
67,1,2,32.227,13.483,33.873,14.048,P2_01_02_14.csv,33.04283907717492,13.761730641443442
68,1,2,32.44,13.508,34.086,14.073,P2_01_02_14.csv,33.26192738261117,13.787553824786857
69,1,2,32.665,13.534,34.311,14.099,P2_01_02_14.csv,33.48328047386189,13.813676287101954
70,1,2,32.877,13.572,34.523,14.137,P2_01_02_14.csv,33.70156019975038,13.844402193526866
71,1,2,33.09,13.597,34.735,14.162,P2_01_02_14.csv,33.91758505388599,13.873819360522546
72,1,2,33.315,13.623,34.96,14.187,P2_01_02_14.csv,34.136514887002555,13.902243678398646
73,1,2,33.539,13.661,35.184,14.225,P2_01_02_14.csv,34.35739229353271,13.934417423207933
74,1,2,33.752,13.686,35.397,14.251,P2_01_02_14.csv,34.57569178713743,13.964812580615119
75,1,2,33.964,13.724,35.609,14.289,P2_01_02_14.csv,34.79157405007603,13.998304524052216
76,1,2,34.201,13.749,35.846,14.314,P2_01_02_14.csv,35.014838973190976,14.029316777987583
77,1,2,34.413,13.787,36.058,14.352,P2_01_02_14.csv,35.23463883767896,14.063078786542372
78,1,2,34.638,13.825,36.282,14.39,P2_01_02_14.csv,35.456240001555194,14.098913483570183
79,1,2,34.863,13.851,36.507,14.415,P2_01_02_14.csv,35.6793930213331,14.131620163333867
80,1,2,35.087,13.876,36.731,14.441,P2_01_02_14.csv,35.90330381501018,14.16177947435126
81,1,2,35.299,13.914,36.943,14.478,P2_01_02_14.csv,36.12327585418504,14.194384625285057
82,1,2,35.512,13.939,37.155,14.504,P2_01_02_14.csv,36.340312226398325,14.224498554495145
83,1,2,35.736,13.965,37.379,14.529,P2_01_02_14.csv,36.55937472552997,14.252673140364127
84,1,2,35.961,13.99,37.604,14.555,P2_01_02_14.csv,36.78047734303164,14.279410882296236
85,1,2,36.185,14.016,37.828,14.58,P2_01_02_14.csv,37.00280889645353,14.305143179852701
86,1,2,36.397,14.103,38.187,14.955,P2_01_02_14.csv,37.24872306757728,14.405987301677435
87,1,2,36.458,14.216,38.101,14.792,P2_01_02_14.csv,37.402802056557576,14.470208426235292
88,1,2,36.858,14.179,37.827,14.767,P2_01_02_14.csv,37.51350447509447,14.502007745781874
89,1,2,36.571,14.204,38.176,14.78,P2_01_02_14.csv,37.58123450102573,14.526783313946963
90,1,2,36.783,14.229,38.388,14.805,P2_01_02_14.csv,37.68564929109995,14.548877910068203
91,1,2,37.007,14.254,38.612,14.831,P2_01_02_14.csv,37.826196121229486,14.569695164521345
92,1,2,37.232,14.267,38.836,14.844,P2_01_02_14.csv,37.9963687394679,14.585469505784175
93,1,2,37.456,14.268,39.061,14.844,P2_01_02_14.csv,38.18956111976697,14.593231172210638
94,1,2,37.668,14.268,39.272,14.845,P2_01_02_14.csv,38.394980824549975,14.595357349611797
95,1,2,37.893,14.281,39.497,14.857,P2_01_02_14.csv,38.61358018322008,14.598220792652022
96,1,2,38.117,14.294,39.721,14.87,P2_01_02_14.csv,38.84063991638061,14.602499699807556
97,1,2,38.341,14.282,39.945,14.858,P2_01_02_14.csv,39.07279768808866,14.59914798827862
98,1,2,38.566,14.295,40.169,14.871,P2_01_02_14.csv,39.30771008676742,14.599508967827301
99,1,2,38.79,14.283,40.393,14.859,P2_01_02_14.csv,39.54334985631394,14.594000899496889
100,1,2,39.002,14.284,40.605,14.86,P2_01_02_14.csv,39.77409974877116,14.589064724454737
101,1,2,39.226,14.284,40.829,14.86,P2_01_02_14.csv,40.004697052806435,14.584592567483442
102,1,2,39.45,14.272,41.053,14.848,P2_01_02_14.csv,40.2346738352224,14.57634445237717
103,1,2,39.662,14.248,41.265,14.824,P2_01_02_14.csv,40.45935975161177,14.560990180701042
104,1,2,39.886,14.236,41.488,14.812,P2_01_02_14.csv,40.68393740136882,14.544886981889166
105,1,2,40.11,14.236,41.712,14.812,P2_01_02_14.csv,40.908545419127535,14.53306123127014
106,1,2,40.335,14.212,41.936,14.788,P2_01_02_14.csv,41.13330864156208,14.516027039411489
107,1,2,40.546,14.188,42.148,14.763,P2_01_02_14.csv,41.35335601067712,14.494966873996828
108,1,2,40.77,14.163,42.372,14.739,P2_01_02_14.csv,41.57435564217242,14.471091743350634
109,1,2,40.982,14.139,42.583,14.714,P2_01_02_14.csv,41.7915862663914,14.445389837405099
110,1,2,41.206,14.114,42.807,14.69,P2_01_02_14.csv,42.01059071505636,14.418630160905913
111,1,2,41.418,14.09,43.018,14.665,P2_01_02_14.csv,42.226503347596775,14.39138224251918
112,1,2,41.629,14.066,43.229,14.641,P2_01_02_14.csv,42.43992912424924,14.364228770027475
113,1,2,41.853,14.041,43.453,14.617,P2_01_02_14.csv,42.65638509574048,14.337201139332194
114,1,2,42.064,14.004,43.664,14.58,P2_01_02_14.csv,42.8705605617148,14.305845209212892
115,1,2,42.276,13.968,43.876,14.543,P2_01_02_14.csv,43.08341269212659,14.271492656469299
116,1,2,42.5,13.931,44.099,14.506,P2_01_02_14.csv,43.299601568737685,14.234893325667832
117,1,2,42.711,13.894,44.31,14.469,P2_01_02_14.csv,43.5138693075183,14.196843737800176
118,1,2,42.935,13.87,44.534,14.445,P2_01_02_14.csv,43.73145748839075,14.162754899785135
119,1,2,43.158,13.833,44.757,14.408,P2_01_02_14.csv,43.951282676300444,14.127175226873712
120,1,2,43.37,13.796,44.968,14.371,P2_01_02_14.csv,44.16853248059905,14.09054151700396
121,1,2,43.593,13.772,45.191,14.347,P2_01_02_14.csv,44.38793945008264,14.05800619723007
122,1,2,43.804,13.735,45.402,14.31,P2_01_02_14.csv,44.604569517205235,14.023943501548828
123,1,2,44.015,13.698,45.613,14.273,P2_01_02_14.csv,44.81899914938921,13.988683168259513
124,1,2,44.226,13.674,45.824,14.249,P2_01_02_14.csv,45.03176711453549,13.95732144602429
125,1,2,44.45,13.637,46.047,14.212,P2_01_02_14.csv,45.247954150990815,13.924212976144949
126,1,2,44.661,13.601,46.258,14.176,P2_01_02_14.csv,45.462272168796254,13.890061244309262
127,1,2,44.884,13.576,46.481,14.151,P2_01_02_14.csv,45.67957085102546,13.859159581459778
128,1,2,45.095,13.552,46.692,14.127,P2_01_02_14.csv,45.8947800317499,13.831147336122887
129,1,2,45.306,13.515,46.902,14.09,P2_01_02_14.csv,46.10815129686414,13.800485091889978
130,1,2,45.529,13.479,47.125,14.053,P2_01_02_14.csv,46.32474270216975,13.767830642180517
131,1,2,45.74,13.455,47.336,14.029,P2_01_02_14.csv,46.53945198717256,13.738221515279832
132,1,2,45.963,13.43,47.559,14.005,P2_01_02_14.csv,46.75710257711215,13.710796273871802
133,1,2,46.173,13.418,47.769,13.993,P2_01_02_14.csv,46.97224217015847,13.689590753723026
134,1,2,46.384,13.382,47.979,13.956,P2_01_02_14.csv,47.18557251191968,13.664010441734929
135,1,2,46.594,13.37,48.19,13.944,P2_01_02_14.csv,47.39753576301898,13.643833451185161
136,1,2,46.817,13.346,48.412,13.92,P2_01_02_14.csv,47.61294392351942,13.623293120926618
137,1,2,47.028,13.321,48.623,13.896,P2_01_02_14.csv,47.826850494133794,13.602064177251654
138,1,2,47.251,13.297,48.845,13.871,P2_01_02_14.csv,48.04381804048439,13.58014059987972
139,1,2,47.461,13.285,49.056,13.859,P2_01_02_14.csv,48.25873336982157,13.562182359030848
140,1,2,47.684,13.273,49.278,13.848,P2_01_02_14.csv,48.476426520779185,13.547385246172572
141,1,2,47.894,13.249,49.488,13.823,P2_01_02_14.csv,48.69164669940623,13.530052847937029
142,1,2,48.117,13.225,49.711,13.799,P2_01_02_14.csv,48.90968380783837,13.51073472881912
143,1,2,48.327,13.213,49.921,13.787,P2_01_02_14.csv,49.12510068872695,13.494215232320682
144,1,2,48.537,13.214,50.131,13.788,P2_01_02_14.csv,49.33843298440337,13.484614564143218
145,1,2,48.76,13.202,50.353,13.776,P2_01_02_14.csv,49.55479306306966,13.475431204159909
146,1,2,48.97,13.178,50.563,13.752,P2_01_02_14.csv,49.76894389304037,13.461863264252647
147,1,2,49.18,13.166,50.773,13.74,P2_01_02_14.csv,49.9813701887757,13.449122632420947
148,1,2,49.402,13.166,50.995,13.74,P2_01_02_14.csv,50.196939215928744,13.44138737407541
149,1,2,49.612,13.155,51.205,13.728,P2_01_02_14.csv,50.41057903162059,13.433186791223237
150,1,2,49.822,13.143,51.414,13.716,P2_01_02_14.csv,50.6225273640468,13.424245943463673
151,1,2,50.045,13.143,51.637,13.717,P2_01_02_14.csv,50.83819057192348,13.419203269215243
152,1,2,50.254,13.144,51.846,13.718,P2_01_02_14.csv,51.051620370233096,13.417246303078029
153,1,2,50.477,13.132,52.068,13.706,P2_01_02_14.csv,51.268265480617025,13.412679411516065
154,1,2,50.674,13.12,52.266,13.694,P2_01_02_14.csv,51.47818850611053,13.40587423874223
155,1,2,50.896,13.133,52.487,13.707,P2_01_02_14.csv,51.69172918355176,13.406460409262243
156,1,2,51.106,13.121,52.697,13.695,P2_01_02_14.csv,51.90394625193041,13.403482022880553
157,1,2,51.316,13.134,52.907,13.708,P2_01_02_14.csv,52.11515155003228,13.406753625486758
158,1,2,51.538,13.123,53.128,13.696,P2_01_02_14.csv,52.329862228742364,13.405711090029143
159,1,2,51.747,13.135,53.338,13.709,P2_01_02_14.csv,52.54290111406349,13.409962550507936
160,1,2,51.957,13.136,53.547,13.709,P2_01_02_14.csv,52.754603390269956,13.413787337531183
161,1,2,52.167,13.137,53.757,13.71,P2_01_02_14.csv,52.96547120754871,13.417262931104494
162,1,2,52.389,13.137,53.978,13.71,P2_01_02_14.csv,53.17998315914542,13.419952688864333
163,1,2,52.598,13.138,54.188,13.711,P2_01_02_14.csv,53.39292670438554,13.422301308607851
